Feature / Section,TR-098 Key (InternetGatewayDevice 1.8),TR-181 Key (Device 2.18),Recomendation,Description,Main usage,Secondary usages
CWMP Methods,Inform (periodic + cr),Inform (periodic + cr),Mandatory,"Initiates a session between the CPE and ACS. It allows the CPE to notify the ACS of its current status, including any changes in its configuration or operational state.",Generic,-
CWMP Methods,GetParameterValues,GetParameterValues,Mandatory,Retrieves the current values of specified parameters from the CPE. This method enables the ACS to query the CPE for specific configuration or status information.,Generic,-
CWMP Methods,GetParameterNames,GetParameterNames,Mandatory,Requests a list of parameters supported by the CPE. It helps the ACS discover the available parameters on a specific CPE.,Generic,-
CWMP Methods,Upload (config file),Upload (config file),Recommended,Instructs the CPE to upload its current configuration file to a specified location. This method is useful for backing up or analyzing the CPE's configuration.,Generic,-
CWMP Methods,Download (firmware),Download (firmware),Mandatory,Directs the CPE to download and install new firmware from a specified URL. This method facilitates remote firmware updates of CPE devices.,Generic,-
CWMP Methods,Download (config file),Download (config file),Recommended,Commands the CPE to download and apply a new configuration file from a given URL. It allows for remote reconfiguration of CPE devices.,Generic,-
CWMP Methods,AddObject,AddObject,Recommended,"These methods allow the ACS to dynamically create or remove instances of multi-instance objects in the CPE's data model. AddObject creates a new instance of a specified object type, while DeleteObject removes an existing instance. ",Generic,-
CWMP Methods,Reboot,Reboot,Mandatory,"Instructs the CPE to reboot itself, often as a troubleshooting step.",Generic,-
CWMP Methods,FactoryReset,FactoryReset,Mandatory,"Directs the CPE to reset itself to its factory default settings. This method can be used to restore a device to its original state, often as a troubleshooting step.",Generic,-
CWMP Methods,TransferComplete,TransferComplete,Mandatory,"Notifies the ACS that a file transfer operation (upload or download) has been completed. It provides status information about the transfer, including success or failure.",Generic,-
CWMP Methods,ScheduleInform,ScheduleInform,Recommended,Allow the ACS to schedule a CWMP session to occur within a specified number of seconds.,Generic,-
USP Methods,GetSupportedDM,GetSupportedDM,Mandatory,Retrieves information about the data model supported by the Agent. This method allows the Controller to discover the capabilities and structure of the Agent's data model.,Generic,-
USP Methods,Get,Get,Mandatory,Retrieves the values of specified parameters from the Agent. It enables the Controller to query the Agent for specific configuration or status information.,Generic,-
USP Methods,Set,Set,Mandatory,Modifies the values of specified parameters on the Agent. This method allows the Controller to change the configuration or settings of the Agent remotely.,Generic,-
USP Methods,Add/Remove,Add/Remove,Recommended,"Creates or removes Object instances within the Agent's data model. These methods enable dynamic manipulation of the data model structure, such as adding or removing network interfaces or service configurations.",Generic,-
USP Methods,Notify,Notify,Mandatory,Sends unsolicited messages from the Agent to the Controller about events or changes in the Agent's state. This method enables real-time monitoring and event-driven management of the Agent.,Generic,-
USP Methods,Operate,Operate,Mandatory,Executes specific operations or functions on the Agent as defined in the data model. Allow the Controler to schedule a USP contact to occur within a specified number of seconds.,Generic,-
Capabilities,-,-,Virtual,A device is able to expose 5G WAN connection parameters and their configuration (tipically set to true by including <protocol>.capabilities.5g),System - Identification,
Capabilities,-,-,Virtual,A device is able to show curently rised Alarms and Faults (tipically set to true by including <protocol>.capabilities.alarm),System - Identification,
Capabilities,-,-,Virtual,A device is able to show installed software (tipically set to true by including <protocol>.capabilities.applications),System - Identification,
Capabilities,-,-,Virtual,A device is able to backup its configuration (tipically set to true by including <protocol>.capabilities.backup),System - Identification,
Capabilities,-,-,Virtual,A device is able to configure layer 2 bridges (tipically set to true by including <protocol>.capabilities.bridging),System - Identification,
Capabilities,-,-,Virtual,Device has bulk data collection capabilities (tipically set to true by including <protocol>.capabilities.bulkData),System - Identification,
Capabilities,-,-,Virtual,A device is able to serve captive portal for a Wi-Fi network. (tipically set to true by including <protocol>.capabilities.captivePortal),System - Identification,
Capabilities,-,-,Virtual,A device is able to scan Wi-Fi channels and report the results. (tipically set to true by including <protocol>.capabilities.channelWiFiDiagnostic),System - Identification,
Capabilities,-,-,Virtual,A device is a CMTS (tipically set to true by including <protocol>.capabilities.cmts),System - Identification,
Capabilities,-,-,Virtual,A device is a CMTS Line (tipically set to true by including <protocol>.capabilities.cmtsLine),System - Identification,
Capabilities,-,-,Virtual,"A device is able to run a DHCP server, assign static addresses and send custom options. (tipically set to true by including <protocol>.capabilities.dhcp)",System - Identification,
Capabilities,-,-,Virtual,"Diagnostics section enabled process based execution of typical diagnostics from device into direction of the WAN. A device is able to run all basic TR-143 (ping, traceroute, active upload and active download). (tipically set to true by including <protocol>.capabilities.diagnostics)",System - Identification,
Capabilities,-,-,Virtual,Device allows to set properties for Domain Name Service (tipically set to true by including <protocol>.capabilities.dns),System - Identification,
Capabilities,-,-,Virtual,"A device is able to connect to a DSL line, expose basic management parameters of the DSL line and allow for its management. (tipically set to true by including <protocol>.capabilities.dsl)",System - Identification,
Capabilities,-,-,Virtual,A device is a DSLAM,System - Identification,
Capabilities,-,-,Virtual,A device is a DSLAM Line,System - Identification,
Capabilities,-,-,Virtual,A device is connected over DOCSIS/HFC and presents basic information about eRouter eSAFE module,System - Identification,
Capabilities,-,-,Virtual,Indicate if device has LAN capability (tipically set to true by including <protocol>.capabilities.lan),System - Identification,CEM - Network Map
Capabilities,-,-,Virtual,A device has a parameters related to LEDs on the device. (typically set to true by including <protocol>.capabilities.leds),System - Identification,
Capabilities,-,-,Virtual,A device is connected over Ethernet and presents basic information about the Ethernet link.,System - Identification,
Capabilities,-,-,Deprecated,A device is able to configure and manage a femto access point. It also supports scanning of a radio environment.,System - Identification,
Capabilities,-,-,Virtual,"A device is able to configure and manage a firewall. Fallowing values are supported: OFF,LOW,MEDIUM,HIGH.",System - Identification,
Capabilities,-,-,Virtual,A device is able to forward ports between IP addresses.,System - Identification,
Capabilities,-,-,Virtual,Basic parameters identifying device (including MAC). This set of parameters is common for all device,System - Identification,
Capabilities,-,-,Virtual,A device is able to expose basic parameters for (G)PON fiber.,System - Identification,
Capabilities,-,-,Virtual,A device is connected over DOCSIS/HFC and presents basic information about the link.,System - Identification,
Capabilities,-,-,Virtual,"A line terminating device has interfaces which are difficult to group into shelves, slots, and ports",System - Identification,
Capabilities,-,-,Virtual,A device is able to expose basic parameters for IPTV monitoring.,System - Identification,
Capabilities,-,-,Virtual,A device is able to expose advanced parameters for IPTV monitoring.,System - Identification,
Capabilities,-,-,Virtual,A device is able to display basic information about a LAN configuration such as connected hosts and available ports.,System - Identification,
Capabilities,-,-,Virtual,A device is able to display its geo position.,System - Identification,
Capabilities,-,-,Virtual,A device is able to report parameters for LTE monitoring.,System - Identification,
Capabilities,-,-,Virtual,A device is able to filter devices connected by WiFi using their MAC addresses. Only allowed devices can connect to the Network.,System - Identification,
Capabilities,-,-,Virtual,A device is able to configure CWMP parameters important for a management server.,System - Identification,
Capabilities,-,-,Virtual,A device is able to show status of Wi-Fi Mesh using MultiAP sub-tree,System - Identification,
Capabilities,-,-,Virtual,A device is connected over DOCSIS/HFC and presents basic information about MTA eSAFE module,System - Identification,
Capabilities,-,-,Virtual,Indicate if device has Wi-Fi Neighborhood Scan capability (tipically set to true by including <protocol>.capabilities.neighborhood),System - Identification,CC - SupportWifiScanMainPanel
Capabilities,-,-,Virtual,A device is able to synchronize an internal clock using the NTP protocol.,System - Identification,
Capabilities,-,-,Virtual,A device is able to block websites with provided URLs,System - Identification,
Capabilities,-,-,Virtual,A device is able to run IP ping diagnostic (specified in TR-143). If the device supports all TR-143 use cwmp.capabilities.diagnostics instead.,System - Identification,
Capabilities,-,-,Virtual,A device is able to return list of curently running processes,System - Identification,
Capabilities,-,-,Virtual,A device is able to configure PPP credentials.,System - Identification,
Capabilities,-,-,Virtual,"A line terminating device has counters for total, configured, or free ports.",System - Identification,
Capabilities,-,-,Virtual,Device is able to report PLC parameters including diagnostic and connected devices,System - Identification,
Capabilities,-,-,Virtual,,System - Identification,
Capabilities,-,-,Virtual,A device is able to authenticate Wi-Fi users over Radius (EAP).,System - Identification,
Capabilities,-,-,Virtual,A device is able to reboot remotly,System - Identification,
Capabilities,-,-,Virtual,A device is able to report consumption of basic resources - CPU and RAM.,System - Identification,
Capabilities,-,-,Virtual,A device is able to restore its configuration,System - Identification,
Capabilities,-,-,Virtual,A device is able to configure and manage IP routing. It is possible to set source and destination networks on a specific interface.,System - Identification,
Capabilities,-,-,Virtual,"A line terminating device has interfaces organized into shelves, slots, and ports",System - Identification,
Capabilities,-,-,Virtual,Device status parameters like current up time,System - Identification,
Capabilities,-,-,Virtual,Device capable of connecting external disks and show their data,System - Identification,
Capabilities,-,-,Virtual,A device is able to configure and manage Syslog,System - Identification,
Capabilities,-,-,Virtual,Temperature sensor capability,System - Identification,
Capabilities,-,-,Virtual,UDPEcho diagnostic capabilitiy,System - Identification,
Capabilities,-,-,Virtual,UDPEchoConfig diagnostic capabilitiy,System - Identification,
Capabilities,-,-,Virtual,Indicate if device has USB capability (tipically set to true by including <protocol>.capabilities.usb),System - Identification,CEM - Network Map
Capabilities,-,-,Virtual,A device is able to configure and manage internal users accounts (i.e. for GUI) via CWMP,System - Identification,
Capabilities,-,-,Virtual,A device is able to configure and manage VLANs via CWMP,System - Identification,
Capabilities,,-,Virtual,A device is able to configure and manage VLAN Terminations via CWMP,System - Identification,
Capabilities,-,-,Virtual,"A device is able to configure, manage and monitor VoIP.",System - Identification,
Capabilities,-,-,Virtual,Indicate if device has WAN capability (tipically set to true by including <protocol>.capabilities.wan),System - Identification,CEM - Network Map
Capabilities,-,-,Virtual,Indicate if device has Wi-Fi capability (tipically set to true by including <protocol>.capabilities.wifi),System - Identification,CEM - Network Map
Capabilities,-,-,Deprecated,"A device is able to configure and manage WiMAX connection, as well as details about channel plan, subscriber data and transfer statistics.",System - Identification,
Capabilities,-,-,Virtual,A device is able to configure and manage connection requests via XMPP protocol. (tipically set to true by including <protocol>.capabilities.xmpp),System - Identification,
Generic Device info,InternetGatewayDevice.DeviceInfo.Manufacturer,Device.DeviceInfo.Manufacturer,Recommended,The manufacturer of the CPE (human readable string).,CEM - Device dashboard,DMC - VDM_Status
Generic Device info,,Device.Ethernet.Link.{i}.MACAddress,Mandatory,"MAC of a device without any octed separating characters. If necessary 
shifted to match MAC physically readable on device housing / used in 
shipment files and/or tracking systems. Usually the physical address of 
the WANIPConnection if applicable",CEM - Device dashboard,DMC - VDM_Status
Generic Device info,InternetGatewayDevice.DeviceInfo.ModelName,Device.DeviceInfo.ModelName,Mandatory,Name of the device model,System - Devicetypes,DMC - VDM_Status
Generic Device info,InternetGatewayDevice.DeviceInfo.ManufacturerOUI,Device.DeviceInfo.ManufacturerOUI,Recommended,Organizationally unique identifier of the device manufacturer,System - Devicetypes,DMC - VDM_Status
Generic Device info,InternetGatewayDevice.DeviceInfo.ProductClass,Device.DeviceInfo.ProductClass,Recommended,Identifier of the class of product for which the serial number applies,System - Identification,DMC - VDM_Status
Generic Device info,InternetGatewayDevice.DeviceInfo.SerialNumber,Device.DeviceInfo.SerialNumber,Recommended,Serial number of the CPE,CEM - Device dashboard,DMC - VDM_Status
Generic Device info,InternetGatewayDevice.DeviceInfo.HardwareVersion,Device.DeviceInfo.HardwareVersion,Optional,A string identifying the particular CPE model and version,CEM - System statistics,"DMC - VDM_Status, Monitoring - Rich IPTV"
Generic Device info,InternetGatewayDevice.DeviceInfo.SoftwareVersion,Device.DeviceInfo.SoftwareVersion,Mandatory,A string identifying the software version currently installed in the CPE.,System - Devicetypes,"DMC - VDM_Status, Monitoring - IPTV, Monitoring - Rich IPTV, Monitoring - Resource"
Alarm,InternetGatewayDevice.FaultMgmt.CurrentAlarm.{i}.ProbableCause,Device.FaultMgmt.CurrentAlarm.{i}.ProbableCause,Optional,Provides further qualification on the alarm beyond Type,CEM,DMC - VDM_Alarm
Alarm,InternetGatewayDevice.FaultMgmt.CurrentAlarm.{i}.AlarmIdentifier,Device.FaultMgmt.CurrentAlarm.{i}.AlarmIdentifier,Optional,Identifies one Alarm Entry in the Alarm List. This value MUST be uniquely allocated by the device to the alarm instance during the lifetime of the individual alarm.,CEM,DMC - VDM_Alarm
Alarm,InternetGatewayDevice.FaultMgmt.CurrentAlarm.{i}.PerceivedSeverity,Device.FaultMgmt.CurrentAlarm.{i}.PerceivedSeverity,Recommended,Indicates the relative level of urgency for operator attention,CEM,DMC - VDM_Alarm
Alarm,InternetGatewayDevice.FaultMgmt.CurrentAlarm.{i}.AlarmChangedTime,Device.FaultMgmt.CurrentAlarm.{i}.AlarmChangedTime,Recommended,Indicates the date and time when the alarm was last changed by the device.,CEM,DMC - VDM_Alarm
Alarm,InternetGatewayDevice.FaultMgmt.CurrentAlarm.{i}.EventType,Device.FaultMgmt.CurrentAlarm.{i}.EventType,Recommended,Indicates the type of event.,CEM,DMC - VDM_Alarm
Applications,InternetGatewayDevice.SoftwareModules.DeploymentUnit.{i}.Description,Device.SoftwareModules.DeploymentUnit.{i}.Description,Recommended,Textual description of this software. ,DMC - VDM_Applications,
Applications,InternetGatewayDevice.SoftwareModules.DeploymentUnit.{i}.Name,Device.SoftwareModules.DeploymentUnit.{i}.Name,Recommended,Name of installed software,DMC - VDM_Applications,
Applications,InternetGatewayDevice.SoftwareModules.DeploymentUnit.{i}.Status,Device.SoftwareModules.DeploymentUnit.{i}.Status,Recommended,Status of installation,DMC - VDM_Applications,
Applications,InternetGatewayDevice.SoftwareModules.DeploymentUnit.{i}.UUID,Device.SoftwareModules.DeploymentUnit.{i}.UUID,Recommended,"A Universally Unique Identifier either provided by the ACS/Controler, or generated by the CPE, at the time of Deployment Unit Installation. ",DMC - VDM_Applications,
Applications,InternetGatewayDevice.SoftwareModules.DeploymentUnit.{i}.Version,Device.SoftwareModules.DeploymentUnit.{i}.Version,Recommended,Version of installed software,DMC - VDM_Applications,
Bridging,InternetGatewayDevice.Layer2Bridging.Bridge.{i}.BridgeEnable,Device.Bridging.Bridge.{i}.Enable,Recommended,Enables or disables this Bridge table entry.,DMC - VDM_Bridging,
Bridging,InternetGatewayDevice.Layer2Bridging.Bridge.{i}.BridgeKey,-,Optional,Unique key for each Bridge table entry.,Generic,
Bridging,InternetGatewayDevice.Layer2Bridging.Bridge.{i}.BridgeName,Device.Bridging.Bridge.{i}.Alias,Recommended,Human-readable name for this Bridge table entry.,DMC - VDM_Bridging,
Bridging,InternetGatewayDevice.Layer2Bridging.Bridge.{i}.BridgeStandard,Device.Bridging.Bridge.{i}.Standard,Recommended,Selects the standard supported by this Bridge table entry (802.1D,DMC - VDM_Bridging,
Bridging,InternetGatewayDevice.Layer2Bridging.Bridge.{i}.BridgeStatus,Device.Bridging.Bridge.{i}.Status,Recommended,The status of this Bridge table entry. Enumeration of (Disabled,DMC - VDM_Bridging,
Bridging,InternetGatewayDevice.Layer2Bridging.Bridge.{i}.VLANID,-,Optional,For an 802.1Q Bridge,Generic,
Bridging,InternetGatewayDevice.Layer2Bridging.Bridge.{i}.Port.{i}.AcceptableFrameTypes,Device.Bridging.Bridge.{i}.Port.{i}.AcceptableFrameTypes,Optional,Bridge Port acceptable frame types as defined in 802.1Q,Generic,
Bridging,InternetGatewayDevice.Layer2Bridging.Bridge.{i}.Port.{i}.PortEnable,Device.Bridging.Bridge.{i}.Port.{i}.Enable,Recommended,Enables or disables this Bridge Port table entry.,DMC - VDM_Bridging,
Bridging,InternetGatewayDevice.Layer2Bridging.Bridge.{i}.Port.{i}.PortInterface,Device.Bridging.Bridge.{i}.Port.{i}.LowerLayers,Optional,The interface associated with this Bridge Port table entry. Represents a bridge port as defined in 802.1D and 802.1Q,Generic,
Bridging,InternetGatewayDevice.Layer2Bridging.Bridge.{i}.Port.{i}.PVID,Device.Bridging.Bridge.{i}.Port.{i}.PVID,Recommended,Default Port VLAN ID as defined in 802.1Q,DMC - VDM_Bridging,
Bridging,InternetGatewayDevice.Layer2Bridging.Bridge.{i}.Port.{i}.PortState,Device.Bridging.Bridge.{i}.Port.{i}.PortState,Recommended,Bridge Port state as defined in 802.1D and 802.1Q,DMC - VDM_Bridging,
Bridging,InternetGatewayDevice.Layer2Bridging.AvailableInterface.{i}.AvailableInterfaceKey,-,Optional,Unique key for each Interface entry.,Generic,
Bridging,InternetGatewayDevice.Layer2Bridging.AvailableInterface.{i}.InterfaceReference,-,Optional,Comma-separated list (maximum list length 256) of strings. Each list item MUST be the path name of an available LAN or WAN interface.,Generic,
Bridging,InternetGatewayDevice.Layer2Bridging.AvailableInterface.{i}.InterfaceType,-,Optional,Whether the interface is a LAN-side or WAN-side interface,Generic,
Bulk Data,InternetGatewayDevice.BulkData.Enable,Device.BulkData.Enable,Recommended,"Enables or disables all collection profiles.
If false, bulk data will not be collected or reported.",CEM,
Bulk Data,InternetGatewayDevice.BulkData.Status,Device.BulkData.Status,Recommended,Indicates the status of the Bulk Data Collection mechanism.,CEM,
Bulk Data,InternetGatewayDevice.BulkData.Profile.{i}.Enable,Device.BulkData.Profile.{i}.Enable,Recommended,"Enables or disables this specific bulk data profile. If false, this profile will not be collected or reported.",CEM,
Bulk Data,InternetGatewayDevice.BulkData.Profile.{i}.Alias,Device.BulkData.Profile.{i}.Alias,Optional,A non-volatile handle used to reference this instance. Alias provides a mechanism for an ACS to label this instance for future reference.,CEM,
Bulk Data,InternetGatewayDevice.BulkData.Profile.{i}.Protocol,Device.BulkData.Profile.{i}.Protocol,Recommended,The Bulk Data Protocol being used for this collection profile.,CEM,
Bulk Data,InternetGatewayDevice.BulkData.Profile.{i}.EncodingType,Device.BulkData.Profile.{i}.EncodingType,Recommended,The Bulk Data encoding type being used for this collection profile.,CEM,
Bulk Data,InternetGatewayDevice.BulkData.Profile.{i}.ReportingInterval,Device.BulkData.Profile.{i}.ReportingInterval,Recommended,The reporting interval in seconds.,CEM,
Bulk Data,InternetGatewayDevice.BulkData.Profile.{i}.TimeReference,Device.BulkData.Profile.{i}.TimeReference,Recommended,An absolute time reference in UTC to determine when will be transmitted.,CEM,
Bulk Data,InternetGatewayDevice.BulkData.Profile.{i}.HTTP.URL,Device.BulkData.Profile.{i}.HTTP.URL,Recommended,The URL for the collection server to receive the Bulk Data transmitted by the CPE.,CEM,
Bulk Data,InternetGatewayDevice.BulkData.Profile.{i}.HTTP.Username,Device.BulkData.Profile.{i}.HTTP.Username,Recommended,Username used to authenticate the CPE when making a connection to the collection server.,CEM,
Bulk Data,InternetGatewayDevice.BulkData.Profile.{i}.HTTP.Password,Device.BulkData.Profile.{i}.HTTP.Password,Recommended,Password used to authenticate the CPE when making a connection to the collection server.,CEM,
Bulk Data,InternetGatewayDevice.BulkData.Profile.{i}.HTTP.RequestURIParameter.{i}.Name,Device.BulkData.Profile.{i}.HTTP.RequestURIParameter.{i}.Name,Optional,Name of the Request-URI parameter.,System - Identification,
Bulk Data,InternetGatewayDevice.BulkData.Profile.{i}.HTTP.RequestURIParameter.{i}.Reference,Device.BulkData.Profile.{i}.HTTP.RequestURIParameter.{i}.Reference,Optional,The value MUST be the path name of a parameter to be used as the Request-URI parameter.,System - Identification,
Bulk Data,InternetGatewayDevice.BulkData.Profile.{i}.JSONEncoding.ReportFormat,Device.BulkData.Profile.{i}.JSONEncoding.ReportFormat,Recommended,This parameter describes the formatting used for the report.,CEM,
Bulk Data,InternetGatewayDevice.BulkData.Profile.{i}.CSVEncoding.ReportFormat,Device.BulkData.Profile.{i}.CSVEncoding.ReportFormat,Recommended,This parameter describes the formatting used for reports defined by this profil.,CEM,
Bulk Data,InternetGatewayDevice.BulkData.Profile.{i}.Parameter.{i}.Reference,Device.BulkData.Profile.{i}.Parameter.{i}.Reference,Recommended,Represents the parameter(s) that are part of this Bulk Data collection profile. The value MUST be a path name of a parameter or an object.,CEM,
Bulk Data,InternetGatewayDevice.BulkData.Profile.{i}.Parameter.{i}.Name,Device.BulkData.Profile.{i}.Parameter.{i}.Name,Recommended,Name of the parameter in the report body.,CEM,
DHCP,InternetGatewayDevice.LANDevice.{i}.LANHostConfigManagement.DNSServers,Device.DHCPv4.Server.Pool.{i}.DNSServers,Recommended,Comma-separated list (maximum list length 64) of IPAddresses. DNS servers offered to DHCP clients.,CEM,"CC - SupportDHCPMainPanel, CC - SupportStatusMainPanel, DMC - VDM_DHCP"
DHCP,InternetGatewayDevice.LANDevice.{i}.LANHostConfigManagement.DomainName,Device.DHCPv4.Server.Pool.{i}.DomainName,Recommended,Sets the domain name to provide to clients on the LAN interface.,CC - SupportStatusMainPanel,DMC - VDM_DHCP
DHCP,InternetGatewayDevice.LANDevice.{i}.LANHostConfigManagement.DHCPServerEnable,Device.DHCPv4.Server.Pool.{i}.Enable,Recommended,Enables or disables the DHCP server,CEM,"CC - SupportDHCPMainPanel, CC - SupportStatusMainPanel, DMC - VDM_DHCP, Monitoring - LAN"
DHCP,InternetGatewayDevice.LANDevice.{i}.LANHostConfigManagement.IPRouters,Device.DHCPv4.Server.Pool.{i}.IPRouters,Recommended,Comma-separated list (up to 4 items) (length ) of IPv4Addresses. List items represent addresses of routers on this subnet. Also known as default gateway. Support for more than one Router address is OPTIONAL.,CC - SupportDHCPMainPanel,"CC - SupportStatusMainPanel, DMC - VDM_DHCP"
DHCP,InternetGatewayDevice.LANDevice.{i}.LANHostConfigManagement.DHCPLeaseTime,Device.DHCPv4.Server.Pool.{i}.LeaseTime,Recommended,Specifies the lease time in seconds of client assigned addresses. A value of -1 indicates an infinite lease.,CC - SupportDHCPMainPanel,"CC - SupportStatusMainPanel, DMC - VDM_DHCP"
DHCP,InternetGatewayDevice.LANDevice.{i}.LANHostConfigManagement.MaxAddress,Device.DHCPv4.Server.Pool.{i}.MaxAddress,Recommended,Specifies last address in the pool to be assigned by the DHCP server.,CC - SupportDHCPMainPanel,"CC - SupportStatusMainPanel, DMC - VDM_DHCP"
DHCP,InternetGatewayDevice.LANDevice.{i}.LANHostConfigManagement.MinAddress,Device.DHCPv4.Server.Pool.{i}.MinAddress,Recommended,Specifies first address in the pool to be assigned by the DHCP server.,CC - SupportDHCPMainPanel,"CC - SupportStatusMainPanel, DMC - VDM_DHCP"
DHCP,InternetGatewayDevice.LANDevice.{i}.LANHostConfigManagement.DHCPRelay,Device.DHCPv4.Relay.Enable,Optional,Indicates if the DHCP server performs the role of a server (false) or a relay (true) on the LAN interface.,DMC - VDM_DHCP,
DHCP,InternetGatewayDevice.LANDevice.{i}.LANHostConfigManagement.X_0023C7_DHCPRelayServerAddress,Device.DHCPv4.Relay.Forwarding.{i}.DHCPServerIPAddress,Optional,Specifies the address of the DHCP relay server.,DMC - VDM_DHCP,
DHCP,InternetGatewayDevice.LANDevice.{i}.LANHostConfigManagement.ReservedAddresses,Device.DHCPv4.Server.Pool.{i}.ReservedAddresses,Recommended,Comma-separated list (maximum list length 256) of IPAddresses. Addresses marked reserved from the address allocation pool.,DMC - VDM_DHCP,
DHCP,InternetGatewayDevice.LANDevice.{i}.LANHostConfigManagement.SubnetMask,Device.DHCPv4.Server.Pool.{i}.SubnetMask,Recommended,Specifies the client's network subnet mask.,CC - SupportDHCPMainPanel,"CC - SupportStatusMainPanel, DMC - VDM_DHCP"
DHCP,InternetGatewayDevice.LANDevice.{i}.LANHostConfigManagement.DHCPOption.{i}.Enable,Device.DHCPv4.Server.Pool.{i}.Option.{i}.Enable,Optional,Enables or disables this DHCP option table entry.,Generic,
DHCP,InternetGatewayDevice.LANDevice.{i}.LANHostConfigManagement.DHCPOption.{i}.Tag,Device.DHCPv4.Server.Pool.{i}.Option.{i}.Tag,Optional,Option tag as defined in RFC 2132,Generic,
DHCP,InternetGatewayDevice.LANDevice.{i}.LANHostConfigManagement.DHCPOption.{i}.Value,Device.DHCPv4.Server.Pool.{i}.Option.{i}.Value,Optional,Base64 encoded option value.,Generic,
DHCP,InternetGatewayDevice.LANDevice.{i}.LANHostConfigManagement.DHCPStaticAddress.{i}.Enable,Device.DHCPv4.Server.Pool.{i}.StaticAddress.{i}.Enable,Optional,Enables or disables static allocation of the IP address for specific MAC address,Generic,
DHCP,InternetGatewayDevice.LANDevice.{i}.LANHostConfigManagement.DHCPStaticAddress.{i}.Yiaddr,Device.DHCPv4.Server.Pool.{i}.StaticAddress.{i}.Yiaddr,Optional,IP address to be assigned by the DHCP server to the DHCP client with the specified hardware address (MAC address).,Generic,
DHCP,InternetGatewayDevice.LANDevice.{i}.LANHostConfigManagement.DHCPStaticAddress.{i}.Chaddr,Device.DHCPv4.Server.Pool.{i}.StaticAddress.{i}.Chaddr,Optional,Hardware address (MAC address) of the physical interface of the DHCP client.,Generic,
Femtocell,InternetGatewayDevice.Services.FAPService.{i}.CellConfig.UMTS.RAN.CellID,Device.Services.FAPService.{i}.CellConfig.UMTS.RAN.CellID,Deprecated,ID of Femto Cell,Generic,
Femtocell,InternetGatewayDevice.Services.FAPService.{i}.FAPControl.AdminState,Device.Services.FAPService.{i}.FAPControl.AdminState,Deprecated,Lock (false) or unlock (true) the FAP,Monitoring - FAP operation,DMC - VDM_Femtocell
Femtocell,,,Deprecated,,Monitoring - FAP operation,DMC - VDM_Femtocell
Femtocell,,,Deprecated,,Monitoring - FAP operation,DMC - VDM_Femtocell
Femtocell,,,Deprecated,,DMC - VDM_Femtocell,
Femtocell,,,Deprecated,,DMC - VDM_Femtocell,
Femtocell,,,Deprecated,,DMC - VDM_Femtocell,
Femtocell,,,Deprecated,,DMC - VDM_Femtocell,
Femtocell,InternetGatewayDevice.Services.FAPService.{i}.PerfMgmt.FileMgmt.PeriodicUploadEnable,Device.Services.FAPService.{i}.PerfMgmt.FileMgmt.PeriodicUploadEnable,Deprecated,Enables or disables the ability to send FAP information periodically to a designated File Server.,DMC - VDM_Femtocell,
Femtocell,InternetGatewayDevice.Services.FAPService.{i}.PerfMgmt.FileMgmt.Password,Device.Services.FAPService.{i}.PerfMgmt.FileMgmt.Password,Deprecated,"Password to be used by the FAP to authenticate with the file server. This string is set to an empty string if no authentication is required. When read, this parameter returns an empty string, regardless of the actual value.",DMC - VDM_Femtocell,
Femtocell,InternetGatewayDevice.Services.FAPService.{i}.PerfMgmt.FileMgmt.PeriodicUploadInterval,Device.Services.FAPService.{i}.PerfMgmt.FileMgmt.PeriodicUploadInterval,Deprecated,The duration in seconds of the interval for which the FAP MUST create an Performance File and attempt to upload the file to URL if PeriodicUploadEnable (key FAP.Monitoring.Enable) is true.,DMC - VDM_Femtocell,
Femtocell,InternetGatewayDevice.Services.FAPService.{i}.PerfMgmt.FileMgmt.PeriodicUploadTime,Device.Services.FAPService.{i}.PerfMgmt.FileMgmt.PeriodicUploadTime,Deprecated,An absolute time reference in UTC to determine when the FAP will initiate the periodic file upload. Each file upload MUST occur at this reference time plus or minus an integer multiple of the PeriodicUploadInterval.,DMC - VDM_Femtocell,
Femtocell,InternetGatewayDevice.Services.FAPService.{i}.PerfMgmt.FileMgmt.URL,Device.Services.FAPService.{i}.PerfMgmt.FileMgmt.URL,Deprecated,"URL specifying the destination file location. HTTP and HTTPS transports MUST be supported. Other optional transports MAY be supported. This argument specifies only the destination file location, and does not indicate in any way the name or location of the local file to be uploaded.",DMC - VDM_Femtocell,
Femtocell,InternetGatewayDevice.Services.FAPService.{i}.PerfMgmt.FileMgmt.Username,Device.Services.FAPService.{i}.PerfMgmt.FileMgmt.Username,Deprecated,Username to be used by the FAP to authenticate with the file server. This string is set to an empty string if no authentication is required.,DMC - VDM_Femtocell,
Femtocell,,,Deprecated,,DMC - VDM_Femtocell,
Femtocell,,,Deprecated,,DMC - VDM_Femtocell,
Femtocell,InternetGatewayDevice.Services.FAPService.{i}.REM.WCDMAFDD.REMPLMNList,Device.Services.FAPService.{i}.REM.WCDMAFDD.REMPLMNList,Deprecated,Comma-separated list (maximum length 32) of strings. Each item is a PLMN ID to measure. PLMN ID consists of Mobile Country Code (MCC) and Mobile Network Code (MNC),DMC - VDM_Femtocell,
Femtocell,InternetGatewayDevice.Services.FAPService.{i}.REM.GSM.ScanTimeout,Device.Services.FAPService.{i}.REM.GSM.ScanTimeout,Deprecated,Specifies the time-out value in seconds,Monitoring - FAP operation,DMC - VDM_Femtocell
Femtocell,,,Deprecated,,DMC - VDM_Femtocell,
Femtocell,,,Deprecated,,DMC - VDM_Femtocell,
Femtocell,,,Deprecated,,DMC - VDM_Femtocell,
Femtocell,,,Deprecated,,DMC - VDM_Femtocell,
Femtocell,InternetGatewayDevice.Services.FAPService.{i}.REM.WCDMAFDD.REMPLMNList,Device.Services.FAPService.{i}.REM.WCDMAFDD.REMPLMNList,Deprecated,Comma-separated list of strings (maximum length 6). Each item is a PLMNID. PLMN ID consists of Mobile Country Code (MCC) and Mobile Network Code (MNC),DMC - VDM_Femtocell,
Femtocell,,,Deprecated,,Monitoring - FAP operation,DMC - VDM_Femtocell
Femtocell,,,Deprecated,,DMC - VDM_Femtocell,
Femtocell,,,Deprecated,,DMC - VDM_Femtocell,
Firewall,InternetGatewayDevice.Firewall.X_0023C7_Enable,Device.Firewall.Enable,Recommended,Enable and disable Firewall,CEM,DMC - VDM_Firewall
Firewall,InternetGatewayDevice.Firewall.X_0023C7_DMZ.{i}.Enable,Device.Firewall.DMZ.{i}.Enable,Optional,Enables or disables the firewall DMZ instance.,DMC - VDM_Firewall,
Firewall,InternetGatewayDevice.Firewall.X_0023C7_DMZ.{i}.DestIP,Device.Firewall.DMZ.{i}.DestIP,Optional,The IPv4 address of a client in the DMZ network.,DMC - VDM_Firewall,
Firewall,InternetGatewayDevice.Firewall.Config,Device.Firewall.PolicyLevel,Recommended,How firewall is configured,CEM,DMC - VDM_Firewall
Firewall,InternetGatewayDevice.Firewall.X_0023C7_PossibleLevels,Device.Firewall.Level.{i}.Name,Optional,"Possible levels i.e. OFF,LOW,HIGH",DMC - VDM_Firewall,
Forwarding,InternetGatewayDevice.WANDevice.{i}.WANConnectionDevice.{i}.WANIPConnection.{i}.PortMapping.{i}.PortMappingEnabled,Device.NAT.PortMapping.{i}.Enable,Recommended,Enables or disables the port mapping instance,CC - SupportPortForwardingMainPanel,DMC - VDM_Forwarding
Forwarding,InternetGatewayDevice.WANDevice.{i}.WANConnectionDevice.{i}.WANIPConnection.{i}.PortMapping.{i}.PortMappingDescription,Device.NAT.PortMapping.{i}.Description,Recommended,User-readable description of this port mapping,CC - SupportPortForwardingMainPanel,DMC - VDM_Forwarding
Forwarding,InternetGatewayDevice.WANDevice.{i}.WANConnectionDevice.{i}.WANIPConnection.{i}.PortMapping.{i}.PortMappingLeaseDuration,Device.NAT.PortMapping.{i}.LeaseDuration,Recommended,"Determines the time to live, in seconds, of a port-mapping lease, where ""time to live"" means the number of seconds before the port mapping expires",CC - SupportPortForwardingMainPanel,DMC - VDM_Forwarding
Forwarding,InternetGatewayDevice.WANDevice.{i}.WANConnectionDevice.{i}.WANIPConnection.{i}.PortMapping.{i}.PortMappingProtocol,Device.NAT.PortMapping.{i}.Protocol,Recommended,The protocol of the port mapping,CC - SupportPortForwardingMainPanel,DMC - VDM_Forwarding
Forwarding,InternetGatewayDevice.WANDevice.{i}.WANConnectionDevice.{i}.WANIPConnection.{i}.PortMapping.{i}.RemoteHost,Device.NAT.PortMapping.{i}.RemoteHost,Recommended,This parameter is the IP address of the source of inbound packets,CC - SupportPortForwardingMainPanel,DMC - VDM_Forwarding
Forwarding,InternetGatewayDevice.WANDevice.{i}.WANConnectionDevice.{i}.WANIPConnection.{i}.PortMapping.{i}.ExternalPort,Device.NAT.PortMapping.{i}.ExternalPort,Recommended,The external port,CC - SupportPortForwardingMainPanel,DMC - VDM_Forwarding
Forwarding,InternetGatewayDevice.WANDevice.{i}.WANConnectionDevice.{i}.WANIPConnection.{i}.PortMapping.{i}.InternalClient,Device.NAT.PortMapping.{i}.InternalClient,Recommended,The IP address or DNS host name of an internal client (on the LAN),CC - SupportPortForwardingMainPanel,DMC - VDM_Forwarding
Forwarding,InternetGatewayDevice.WANDevice.{i}.WANConnectionDevice.{i}.WANIPConnection.{i}.PortMapping.{i}.InternalPort,Device.NAT.PortMapping.{i}.InternalPort,Recommended,The port on Internal.Host,CC - SupportPortForwardingMainPanel,DMC - VDM_Forwarding
Resources,InternetGatewayDevice.DeviceInfo.ProcessStatus.CPUUsage,Device.DeviceInfo.ProcessStatus.CPUUsage,Mandatory,"CPU utilization. The total amount of the CPU, in percent, rounded up to the nearest whole percent",CEM HealthScore - Hardware Performance,"CEM Task - cemGeneric, Monitoring - Resource, DMC - VDM_Status, Monitoring - Rich IPTV"
Resources,InternetGatewayDevice.DeviceInfo.MemoryStatus.Total,Device.DeviceInfo.MemoryStatus.Total,Mandatory,"The total physical RAM, in kilobytes, installed on the device",CEM HealthScore - Hardware Performance,"CEM Task - cemGeneric, Monitoring - Resource, DMC - VDM_Status"
Resources,InternetGatewayDevice.DeviceInfo.MemoryStatus.X_0023C7_Used,Device.DeviceInfo.MemoryStatus.X_0023C7_Used,Optional,"The used physical RAM, in kilobytes, currently used by the device",CEM Task - cemGeneric,Monitoring - Rich IPTV
Resources,-,-,Virtual,"The used physical RAM, in percentage, currently used by the device",CC - SupportStatusMainPanel,
Resources,InternetGatewayDevice.DeviceInfo.MemoryStatus.Free,Device.DeviceInfo.MemoryStatus.Free,Mandatory,"The free physical RAM, in kilobytes, currently available on the device",CEM HealthScore - Hardware Performance,"Monitoring - Resource, DMC - VDM_Status"
Temperature,InternetGatewayDevice.DeviceInfo.TemperatureStatus.TemperatureSensor.{i}.Value,Device.DeviceInfo.TemperatureStatus.TemperatureSensor.{i}.Value,Mandatory,Temperature of CPE board,CEM HealthScore - Hardware Performance,"CEM Task - cemTemperature, DMC - VDM_Status, Monitoring - Rich IPTV, Monitoring - Resource"
Status,InternetGatewayDevice.DeviceInfo.UpTime,Device.DeviceInfo.UpTime,Mandatory,The time in seconds that this device has been up,CEM Task - cemUptime,"DMC - VDM_Status, Monitoring - IPTV, Monitoring - Rich IPTV"
Status,InternetGatewayDevice.Time.CurrentLocalTime,Device.Time.CurrentLocalTime,Optional,The current date and time in the CPE's local time zone,DMC - VDM_Status,
Status,InternetGatewayDevice.DeviceInfo.DeviceLog,Device.DeviceInfo.VendorLogFile.{i}.Name,Optional,Last logs of the device,Monitoring - Device log,DMC - VDM_Status
Ping Diagnostic,InternetGatewayDevice.IPPingDiagnostics.DiagnosticsState,Device.IP.Diagnostics.IPPing.DiagnosticsState,Virtual,Virtual parameter mapped to State,Monitoring - Latency,CC - Diagnostics
Ping Diagnostic,InternetGatewayDevice.IPPingDiagnostics.DiagnosticsState,Device.IP.Diagnostics.IPPing.DiagnosticsState,Mandatory,Indicates availability of diagnostic data.,Monitoring - Latency,CC - Diagnostics
Ping Diagnostic,InternetGatewayDevice.IPPingDiagnostics.Interface,Device.IP.Diagnostics.IPPing.Interface,Optional,Specifies the WAN or LAN IP-layer interface over which the test is to be performed,Generic,
Ping Diagnostic,InternetGatewayDevice.IPPingDiagnostics.Host,Device.IP.Diagnostics.IPPing.Host,Mandatory,Host name or address of the host to ping.,Monitoring - Latency,CC - Diagnostics
Ping Diagnostic,InternetGatewayDevice.IPPingDiagnostics.NumberOfRepetitions,Device.IP.Diagnostics.IPPing.NumberOfRepetitions,Optional,Number of repetitions of the ping test to perform before reporting the results.,Generic,
Ping Diagnostic,InternetGatewayDevice.IPPingDiagnostics.Timeout,Device.IP.Diagnostics.IPPing.Timeout,Optional,Timeout in milliseconds for the ping test.,Generic,
Ping Diagnostic,InternetGatewayDevice.IPPingDiagnostics.DataBlockSize,Device.IP.Diagnostics.IPPing.DataBlockSize,Optional,Size of the data block in bytes to be sent for each ping. ,Generic,
Ping Diagnostic,InternetGatewayDevice.IPPingDiagnostics.SuccessCount,Device.IP.Diagnostics.IPPing.SuccessCount,Mandatory,Result parameter indicating the number of successful pings (those in which a successful response was received prior to the timeout) in the most recent ping test.,Monitoring - Latency,CC - Diagnostics
Ping Diagnostic,InternetGatewayDevice.IPPingDiagnostics.FailureCount,Device.IP.Diagnostics.IPPing.FailureCount,Mandatory,Result parameter indicating the number of failed pings in the most recent ping test.,Monitoring - Latency,CC - Diagnostics
Ping Diagnostic,InternetGatewayDevice.IPPingDiagnostics.AverageResponseTime,Device.IP.Diagnostics.IPPing.AverageResponseTime,Mandatory,Result parameter indicating the average response time in milliseconds over all repetitions with successful responses of the most recent ping test.,Monitoring - Latency,CC - Diagnostics
Ping Diagnostic,InternetGatewayDevice.IPPingDiagnostics.MinimumResponseTime,Device.IP.Diagnostics.IPPing.MinimumResponseTmie,Optional,Result parameter indicating the minimum response time in milliseconds over all repetitions with successful responses of the most recent ping test.,Generic,
Ping Diagnostic,InternetGatewayDevice.IPPingDiagnostics.MaximumResponseTime,Device.IP.Diagnostics.IPPing.MaximumResponseTime,Optional,Result parameter indicating the maximum response time in milliseconds over all repetitions with successful responses of the most recent ping test.,Generic,
Ping Diagnostic,InternetGatewayDevice.IPPingDiagnostics.X_0023C7_Jitter,Device.IP.Diagnostics.IPPing.X_0023C7_Jitter,Optional,Result parameter indicating the Jitter response time in milliseconds over all repetitions with successful responses of the most recent ping test.,Generic,
Diagnostic,InternetGatewayDevice.DownloadDiagnostics.DiagnosticsState,Device.IP.Diagnostics.DownloadDiagnostics.DiagnosticsState,Virtual,Virtual parameter mapped to State,Monitoring - Active download,CC - Diagnostics
Diagnostic,InternetGatewayDevice.DownloadDiagnostics.DiagnosticsState,Device.IP.Diagnostics.DownloadDiagnostics.DiagnosticsState,Recommended,Indicates availability of diagnostic data.,Monitoring - Active download,CC - Diagnostics
Diagnostic,InternetGatewayDevice.DownloadDiagnostics.Interface,Device.IP.Diagnostics.DownloadDiagnostics.Interface,Optional,Specifies the IP-layer interface over which the test is to be performed.,CC - Diagnostics,
Diagnostic,InternetGatewayDevice.DownloadDiagnostics.DownloadURL,Device.IP.Diagnostics.DownloadDiagnostics.DownloadURL,Recommended,The URL for the CPE to perform the download on.,Monitoring - Active download,CC - Diagnostics
Diagnostic,InternetGatewayDevice.DownloadDiagnostics.DSCP,Device.IP.Diagnostics.DownloadDiagnostics.DSCP,Optional,The DiffServ code point for marking packets transmitted in the test.,Monitoring - Active download,CC - Diagnostics
Diagnostic,InternetGatewayDevice.DownloadDiagnostics.EthernetPriority,Device.IP.Diagnostics.DownloadDiagnostics.EthernetPriority,Optional,Ethernet priority code for marking packets transmitted in the test (if applicable).,CC - Diagnostics,
Diagnostic,InternetGatewayDevice.DownloadDiagnostics.ROMTime,Device.IP.Diagnostics.DownloadDiagnostics.ROMTime,Recommended,Request time in UTC,Monitoring - Active download,CC - Diagnostics
Diagnostic,InternetGatewayDevice.DownloadDiagnostics.BOMTime,Device.IP.Diagnostics.DownloadDiagnostics.BOMTime,Optional,Begin of transmission time in UTC,CC - Diagnostics,
Diagnostic,InternetGatewayDevice.DownloadDiagnostics.EOMTime,Device.IP.Diagnostics.DownloadDiagnostics.EOMTime,Recommended,End of transmission in UTC,Monitoring - Active download,CC - Diagnostics
Diagnostic,InternetGatewayDevice.DownloadDiagnostics.TotalBytesReceived,Device.IP.Diagnostics.DownloadDiagnostics.TotalBytesReceived,Recommended,The total number of bytes received on the Interface between BOMTime and EOMTime. ,Monitoring - Active download,CC - Diagnostics
Diagnostic,InternetGatewayDevice.DownloadDiagnostics.TestBytesReceived,Device.IP.Diagnostics.DownloadDiagnostics.TestBytesReceived,Optional,The test traffic received in bytes during the FTP/HTTP transaction including FTP/HTTP headers,CC - Diagnostics,
Diagnostic,InternetGatewayDevice.DownloadDiagnostics.TCPOpenRequestTime,Device.IP.Diagnostics.DownloadDiagnostics.TCPOpenRequestTime,Optional,Request time in UTC,CC - Diagnostics,
Diagnostic,InternetGatewayDevice.DownloadDiagnostics.TCPOpenResponseTime,Device.IP.Diagnostics.DownloadDiagnostics.TCPOpenResponseTime,Optional,Response time in UTC,CC - Diagnostics,
Diagnostic,InternetGatewayDevice.NSLookupDiagnostics.DiagnosticsState,Device.DNS.Diagnostics.NSLookupDiagnostics.DiagnosticsState,Virtual,Indicates availability of diagnostic data.,CEM,CC - Diagnostics
Diagnostic,InternetGatewayDevice.NSLookupDiagnostics.DiagnosticsState,Device.DNS.Diagnostics.NSLookupDiagnostics.DiagnosticsState,Optional,Indicates availability of diagnostic data.,CEM,CC - Diagnostics
Diagnostic,InternetGatewayDevice.NSLookupDiagnostics.DNSServer,Device.DNS.Diagnostics.NSLookupDiagnostics.DNSServer,Optional,Specifies the DNS Server name or IP address that NS Lookup is to use for the lookup,CEM,CC - Diagnostics
Diagnostic,InternetGatewayDevice.NSLookupDiagnostics.HostName,Device.DNS.Diagnostics.NSLookupDiagnostics.HostName,Optional,Specifies the Host Name that NS Lookup is to look for.,CEM,CC - Diagnostics
Diagnostic,InternetGatewayDevice.NSLookupDiagnostics.Interface,Device.DNS.Diagnostics.NSLookupDiagnostics.Interface,Optional,The layer 3 interface over which the test is to be performed,CC - Diagnostics,
Diagnostic,InternetGatewayDevice.NSLookupDiagnostics.NumberOfRepetitions,Device.DNS.Diagnostics.NSLookupDiagnostics.NumberOfRepetitions,Optional,The number of times the device SHOULD repeat the execution,CC - Diagnostics,
Diagnostic,InternetGatewayDevice.NSLookupDiagnostics.Timeout,Device.DNS.Diagnostics.NSLookupDiagnostics.Timeout,Optional,Timeout in milliseconds that indicates that a request has failed.,CC - Diagnostics,
Diagnostic,InternetGatewayDevice.NSLookupDiagnostics.ResultNumberOfEntries,Device.DNS.Diagnostics.NSLookupDiagnostics.ResultNumberOfEntries,Optional,The number of entries in the Result table.,CC - Diagnostics,
Diagnostic,InternetGatewayDevice.NSLookupDiagnostics.SuccessCount,Device.DNS.Diagnostics.NSLookupDiagnostics.SuccessCount,Optional,Number of successfully executed repetitions.,CC - Diagnostics,
Diagnostic,InternetGatewayDevice.NSLookupDiagnostics.Result.{i}.Status,Device.DNS.Diagnostics.NSLookupDiagnostics.Result.{i}.Status,Optional,Represents whether the NS Lookup was successful or not,CEM,CC - Diagnostics
Diagnostic,InternetGatewayDevice.NSLookupDiagnostics.Result.{i}.AnswerType,Device.DNS.Diagnostics.NSLookupDiagnostics.Result.{i}.AnswerType,Optional,Result parameter to represent whether the answer is Authoritative or not,CC - Diagnostics,
Diagnostic,InternetGatewayDevice.NSLookupDiagnostics.Result.{i}.HostNameReturned,Device.DNS.Diagnostics.NSLookupDiagnostics.Result.{i}.HostNameReturned,Optional,Result parameter to represent the fully qualified name for the Host Name,CC - Diagnostics,
Diagnostic,InternetGatewayDevice.NSLookupDiagnostics.Result.{i}.IPAddresses,Device.DNS.Diagnostics.NSLookupDiagnostics.Result.{i}.IPAddresses,Optional,Indicates the IP Address results returned by the NS Lookup,CEM,CC - Diagnostics
Diagnostic,InternetGatewayDevice.NSLookupDiagnostics.Result.{i}.DNSServerIP,Device.DNS.Diagnostics.NSLookupDiagnostics.Result.{i}.DNSServerIP,Optional,Result parameter to represent the actual DNS Server IP address that the NS Lookup used,CC - Diagnostics,
Diagnostic,InternetGatewayDevice.NSLookupDiagnostics.Result.{i}.ResponseTime,Device.DNS.Diagnostics.NSLookupDiagnostics.Result.{i}.ResponseTime,Optional,"Response time (for the first response packet) in milliseconds, or 0 if no response was received.",CEM,CC - Diagnostics
Diagnostic,InternetGatewayDevice.SelfTestDiagnostics.DiagnosticsState,Device.SelfTestDiagnostics.DiagnosticsState,Optional,Indicates availability of diagnostic data. ,CEM,CC - Diagnostics
Diagnostic,InternetGatewayDevice.SelfTestDiagnostics.Results,Device.SelfTestDiagnostics.Results,Optional,Results of self-test (vendor specific),CEM,CC - Diagnostics
Diagnostic,InternetGatewayDevice.UploadDiagnostics.DiagnosticsState,Device.IP.Diagnostics.UploadDiagnostics.DiagnosticsState,Virtual,Indicates the availability of diagnostics data,Monitoring - Active upload,CC - Diagnostics
Diagnostic,InternetGatewayDevice.UploadDiagnostics.DiagnosticsState,Device.IP.Diagnostics.UploadDiagnostics.DiagnosticsState,Recommended,Indicates the availability of diagnostics data,Monitoring - Active upload,CC - Diagnostics
Diagnostic,InternetGatewayDevice.UploadDiagnostics.UploadURL,Device.IP.Diagnostics.UploadDiagnostics.UploadURL,Recommended,The  URL for the CPE to upload to,Monitoring - Active upload,CC - Diagnostics
Diagnostic,InternetGatewayDevice.UploadDiagnostics.TestFileLength,Device.IP.Diagnostics.UploadDiagnostics.TestFileLength,Recommended,The size of the file to be uploaded to the server,Monitoring - Active upload,CC - Diagnostics
Diagnostic,InternetGatewayDevice.UploadDiagnostics.DSCP,Device.IP.Diagnostics.UploadDiagnostics.DSCP,Optional,DiffServ code point for marking packets transmitted in the test,CC - Diagnostics,
Diagnostic,InternetGatewayDevice.UploadDiagnostics.EthernetPriority,Device.IP.Diagnostics.UploadDiagnostics.EthernetPriority,Optional,Ethernet priority code for marking packets transmitted in the test ,CC - Diagnostics,
Diagnostic,InternetGatewayDevice.UploadDiagnostics.Interface,Device.IP.Diagnostics.UploadDiagnostics.Interface,Optional,The IP-layer interface over which the test is to be performed,CC - Diagnostics,
Diagnostic,InternetGatewayDevice.UploadDiagnostics.BOMTime,Device.IP.Diagnostics.UploadDiagnostics.BOMTime,Optional,Begin of transmission time in UTC,CC - Diagnostics,
Diagnostic,InternetGatewayDevice.UploadDiagnostics.EOMTime,Device.IP.Diagnostics.UploadDiagnostics.EOMTime,Recommended,Begin of transmission time in UTC,Monitoring - Active upload,CC - Diagnostics
Diagnostic,InternetGatewayDevice.UploadDiagnostics.ROMTime,Device.IP.Diagnostics.UploadDiagnostics.ROMTime,Recommended,Request time in UTC,Monitoring - Active upload,CC - Diagnostics
Diagnostic,InternetGatewayDevice.UploadDiagnostics.TCPOpenResponseTime,Device.IP.Diagnostics.UploadDiagnostics.TCPOpenResponseTime,Optional,Response time in UTC,CC - Diagnostics,
Diagnostic,InternetGatewayDevice.UploadDiagnostics.TCPOpenRequestTime,Device.IP.Diagnostics.UploadDiagnostics.TCPOpenRequestTime,Optional,Request time in UTC,CC - Diagnostics,
Diagnostic,InternetGatewayDevice.UploadDiagnostics.TotalBytesSent,Device.IP.Diagnostics.UploadDiagnostics.TotalBytesSent,Recommended,The number of bytes of the test file sent during the FTP/HTTP transaction including FTP/HTTP headers,Monitoring - Active upload,CC - Diagnostics
Diagnostic,InternetGatewayDevice.TraceRouteDiagnostics.DiagnosticsState,Device.IP.Diagnostics.TraceRoute.DiagnosticsState,Virtual,Indicates the availability of diagnostics data,CEM,CC - Diagnostics
Diagnostic,InternetGatewayDevice.TraceRouteDiagnostics.DiagnosticsState,Device.IP.Diagnostics.TraceRoute.DiagnosticsState,Recommended,Indicates the availability of diagnostics data,CEM,CC - Diagnostics
Diagnostic,InternetGatewayDevice.TraceRouteDiagnostics.DSCP,Device.IP.Diagnostics.TraceRoute.DSCP,Optional,DiffServ codepoint to be used for the test packets,CC - Diagnostics,
Diagnostic,InternetGatewayDevice.TraceRouteDiagnostics.DataBlockSize,Device.IP.Diagnostics.TraceRoute.DataBlockSize,Optional,Size of the data block in bytes to be sent for each trace route,CC - Diagnostics,
Diagnostic,InternetGatewayDevice.TraceRouteDiagnostics.Host,Device.IP.Diagnostics.TraceRoute.Host,Recommended,Host name or address of the host to find a route to,CEM,CC - Diagnostics
Diagnostic,InternetGatewayDevice.TraceRouteDiagnostics.Interface,Device.IP.Diagnostics.TraceRoute.Interface,Optional,The layer 2 or layer 3 interface over which the test is to be performed,CC - Diagnostics,
Diagnostic,InternetGatewayDevice.TraceRouteDiagnostics.MaxHopCount,Device.IP.Diagnostics.TraceRoute.MaxHopCount,Optional,The maximum number of hop used in outgoing probe packets,CC - Diagnostics,
Diagnostic,InternetGatewayDevice.TraceRouteDiagnostics.NumberOfTries,Device.IP.Diagnostics.TraceRoute.NumberOfTries,Optional,Number of tries per hop,CC - Diagnostics,
Diagnostic,InternetGatewayDevice.TraceRouteDiagnostics.Timeout,Device.IP.Diagnostics.TraceRoute.Timeout,Recommended,Timeout in milliseconds for each hop of the trace route test,CC - Diagnostics,
Diagnostic,InternetGatewayDevice.TraceRouteDiagnostics.RouteHopsNumberOfEntries,Device.IP.Diagnostics.TraceRoute.RouteHopsNumberOfEntries,Optional,The number of entries in the RouteHops table,CC - Diagnostics,
Diagnostic,InternetGatewayDevice.TraceRouteDiagnostics.ResponseTime,Device.IP.Diagnostics.TraceRoute.ResponseTime,Recommended,Result parameter indicating the response time in milliseconds the most recent trace route test,CEM,CC - Diagnostics
Diagnostic,InternetGatewayDevice.TraceRouteDiagnostics.RouteHops.{i}.HopHost,Device.IP.Diagnostics.TraceRoute.RouteHops.{i}.Host,Recommended,Result parameter indicating the Host Name,CEM,CC - Diagnostics
Diagnostic,InternetGatewayDevice.TraceRouteDiagnostics.RouteHops.{i}.HopErrorCode,Device.IP.Diagnostics.TraceRoute.RouteHops.{i}.ErrorCode,Recommended,Contains the error code returned for this hop,CEM,CC - Diagnostics
Diagnostic,InternetGatewayDevice.TraceRouteDiagnostics.RouteHops.{i}.HopHostAddress,Device.IP.Diagnostics.TraceRoute.RouteHops.{i}.HostAddress,Recommended,The last IP address of the host returned for this hop,CEM,CC - Diagnostics
Diagnostic,InternetGatewayDevice.TraceRouteDiagnostics.RouteHops.{i}.HopRTTimes,Device.IP.Diagnostics.TraceRoute.RouteHops.{i}.RTTimes,Recommended,Each list item contains one or more round trip times in milliseconds for this hop,CEM,CC - Diagnostics
Diagnostic,InternetGatewayDevice.UDPEchoConfig.Enable,"Device.IP.Diagnostics.UDPEchoDiagnostics.DiagnosticsState
Device.IP.Diagnostics.UDPEchoConfig.Enable",Virtual,Run UDP echo diagnostics,Generic,
Diagnostic,InternetGatewayDevice.UDPEchoConfig.X_0023C7_State,Device.IP.Diagnostics.UDPEchoDiagnostics.DiagnosticsState,Optional,Indicates the availability of diagnostics data,Generic,
Diagnostic,InternetGatewayDevice.UDPEchoConfig.X_0023C7_DSCP,Device.IP.Diagnostics.UDPEchoDiagnostics.DSCP,Optional,DiffServ codepoint to be used for the test packets,Generic,
Diagnostic,InternetGatewayDevice.UDPEchoConfig.X_0023C7_DataBlockSize,Device.IP.Diagnostics.UDPEchoDiagnostics.DataBlockSize,Optional,Size of the data block in bytes to be sent for each packet,Generic,
Diagnostic,InternetGatewayDevice.UDPEchoConfig.X_0023C7_Host,Device.IP.Diagnostics.UDPEchoDiagnostics.Host,Optional,Host name or address of the host to perform tests to,Generic,
Diagnostic,InternetGatewayDevice.UDPEchoConfig.UDPPort,Device.IP.Diagnostics.UDPEchoDiagnostics.Port,Optional,Port on the host to perform tests to,Generic,
Diagnostic,InternetGatewayDevice.UDPEchoConfig.X_0023C7_InterTransmissionTime,Device.IP.Diagnostics.UDPEchoDiagnostics.InterTransmissionTime,Optional,The time in milliseconds between the NumberOfRepetitions of packets sent during a given test,Generic,
Diagnostic,InternetGatewayDevice.UDPEchoConfig.Interface,Device.IP.Diagnostics.UDPEchoDiagnostics.Interface,Optional,The IP-layer interface over which the test is to be performed,Generic,
Diagnostic,InternetGatewayDevice.UDPEchoConfig.X_0023C7_NumberOfRepetitions,Device.IP.Diagnostics.UDPEchoDiagnostics.NumberOfRepetitions,Optional,Number of repetitions of the test to perform before reporting the results,Generic,
Diagnostic,InternetGatewayDevice.UDPEchoConfig.X_0023C7_ProtocolVersion,Device.IP.Diagnostics.UDPEchoDiagnostics.ProtocolVersion,Optional,Indicates the IP protocol version to be used,Generic,
Diagnostic,InternetGatewayDevice.UDPEchoConfig.X_0023C7_Timeout,Device.IP.Diagnostics.UDPEchoDiagnostics.Timeout,Optional,The amount of time to wait for the return of a packet that was sent,Generic,
Diagnostic,InternetGatewayDevice.UDPEchoConfig.X_0023C7_AverageResponseTime,Device.IP.Diagnostics.UDPEchoDiagnostics.AverageResponseTime,Optional,Result parameter indicating the average response time in microseconds over all repetitions with successful responses of the most recent test,Generic,
Diagnostic,InternetGatewayDevice.UDPEchoConfig.X_0023C7_MaximumResponseTime,Device.IP.Diagnostics.UDPEchoDiagnostics.MaximumResponseTime,Optional,Result parameter indicating the maximum response time in microseconds over all repetitions with successful responses of the most recent test,Generic,
Diagnostic,InternetGatewayDevice.UDPEchoConfig.X_0023C7_MinimumResponseTime,Device.IP.Diagnostics.UDPEchoDiagnostics.MinimumResponseTime,Optional,Result parameter indicating the minimum response time in microseconds over all repetitions with successful responses of the most recent test,Generic,
Diagnostic,InternetGatewayDevice.UDPEchoConfig.X_0023C7_FailureCount,Device.IP.Diagnostics.UDPEchoDiagnostics.FailureCount,Optional,Result parameter indicating the number of failed packets (those in which a successful response was not received prior to the timeout),Generic,
Diagnostic,InternetGatewayDevice.UDPEchoConfig.PacketsReceived,Device.IP.Diagnostics.UDPEchoDiagnostics.SuccessCount,Optional,Result parameter indicating the number of successful packets (those in which a successful response was received prior to the timeout),Generic,
LAN - Devices,InternetGatewayDevice.LANDevice.{i}.Hosts.HostNumberOfEntries,Device.Hosts.HostNumberOfEntries,Optional,The number of entries in the Host table.,CEM,Monitoring - LAN
LAN - Devices,InternetGatewayDevice.LANDevice.{i}.Hosts.Host.{i}.Active,Device.Hosts.Host.{i}.Active,Mandatory,Boolean representation whether or not the host is currently present on the LAN,CEM - Network Map,"CC - SupportDHCPMainPanel, CC - SupportManagementLanSidePanel, CC - SupportPortForwardingMainPanel, CC - SupportWifiMainPanel, DMC - VDM_KnownDevices, DMC - VDM_LAN"
LAN - Devices,InternetGatewayDevice.LANDevice.{i}.Hosts.Host.{i}.AddressSource,Device.Hosts.Host.{i}.X_0023C7_AddressSource,Recommended,"Indicates whether the IP address of the host was allocated by the CPE using DHCP, was assigned to the host statically, or was assigned using automatic IP address allocation.",CEM - Network Map,"CC - SupportDHCPMainPanel, CC - SupportPortForwardingMainPanel, CC - SupportWifiMainPanel, DMC - VDM_KnownDevices, DMC - VDM_LAN"
LAN - Devices,InternetGatewayDevice.LANDevice.{i}.Hosts.Host.{i}.X_0023C7_AssociatedDevice,Device.Hosts.Host.{i}.AssociatedDevice,Recommended,"The value MUST be the path name of the AssociatedDevice (or equivalent) table row that models the host, or an empty string if either there is no such table or the host isn’t directly connected to this device (e.g. the host is connected to a Wi-Fi Access Point).",CEM,
LAN - Devices,InternetGatewayDevice.LANDevice.{i}.Hosts.Host.{i}.ClientID,Device.Hosts.Host.{i}.X_0023C7_ClientID,Recommended,Client Identifier DHCP option (Option 61) for the specific IP connection of the client. ,System - Identification,
LAN - Devices,InternetGatewayDevice.LANDevice.{i}.Hosts.Host.{i}.HostName,Device.Hosts.Host.{i}.HostName,Mandatory,The device’s host name or an empty string if unknown.	,CEM - Network Map,"CC - SupportDHCPMainPanel, CC - SupportManagementLanSidePanel, CC - SupportPortForwardingMainPanel, CC - SupportWifiMainPanel, DMC - VDM_KnownDevices, DMC - VDM_LAN"
LAN - Devices,InternetGatewayDevice.LANDevice.{i}.Hosts.Host.{i}.InterfaceType,Device.Hosts.Host.{i}.InterfaceType,Mandatory,Type of physical interface through which this host is connected.,CEM - Network Map,"CC - SupportDHCPMainPanel, CC - SupportManagementLanSidePanel, CC - SupportPortForwardingMainPanel, CC - SupportWifiMainPanel, DMC - VDM_KnownDevices, DMC - VDM_LAN"
LAN - Devices,InternetGatewayDevice.LANDevice.{i}.Hosts.Host.{i}.IPAddress,Device.Hosts.Host.{i}.IPAddress,Mandatory,The current IP address of the host,CEM - Network Map,"CC - SupportDHCPMainPanel, CC - SupportManagementLanSidePanel, CC - SupportPortForwardingMainPanel, CC - SupportWifiMainPanel, DMC - VDM_KnownDevices, DMC - VDM_LAN"
LAN - Devices,InternetGatewayDevice.LANDevice.{i}.Hosts.Host.{i}.X_0023C7_IPv4Address.{i}.IPAddress,Device.Hosts.Host.{i}.IPv4Address.{i}.IPAddress,Optional,The host’s known IPv4 addresses.,CEM - Network Map,DMC - VDM_LAN
LAN - Devices,InternetGatewayDevice.LANDevice.{i}.Hosts.Host.{i}.X_0023C7_IPv6Address.{i}.IPAddress,Device.Hosts.Host.{i}.IPv6Address.{i}.IPAddress,Optional,The host’s known IPv6 address. ,CEM - Network Map,DMC - VDM_LAN
LAN - Devices,Device.Hosts.Host.{i}.Layer1Interface,Device.Hosts.Host.{i}.Layer1Interface,Optional,The path name of a row in a layer 1 interface table,System - Identification,
LAN - Devices,InternetGatewayDevice.LANDevice.{i}.Hosts.Host.{i}.Layer2Interface,Device.Hosts.Host.{i}.X_0023C7_Layer2Interface,Recommended,,System - Identification,CC - SupportManagementLanSidePanel
LAN - Devices,InternetGatewayDevice.LANDevice.{i}.Hosts.Host.{i}.X_0023C7_Layer3Interface,Device.Hosts.Host.{i}.Layer3Interface,Optional,The Path Name of a row in the IP.Interface. table,System - Identification,
LAN - Devices,InternetGatewayDevice.LANDevice.{i}.Hosts.Host.{i}.LeaseTimeRemaining,Device.Hosts.Host.{i}.X_0023C7_LeaseTimeRemaining,Recommended,DHCP lease time remaining in seconds. ,CEM,"CC - SupportDHCPMainPanel, DMC - VDM_LAN"
LAN - Devices,InternetGatewayDevice.LANDevice.{i}.Hosts.Host.{i}.MACAddress,Device.Hosts.Host.{i}.PhysAddress,Mandatory,"Unique physical identifier of the host, e.g. MAC",CEM - Network Map,"CC - SupportDHCPMainPanel, CC - SupportManagementLanSidePanel, CC - SupportPortForwardingMainPanel, CC - SupportWifiMainPanel, DMC - VDM_KnownDevices, DMC - VDM_LAN"
LAN - Devices,InternetGatewayDevice.LANDevice.{i}.Hosts.Host.{i}.MACAddress,Device.Hosts.Host.{i}.PhysAddress,Virtual,,DMC - VDM_KnownDevices,
LAN - Devices,InternetGatewayDevice.LANDevice.{i}.Hosts.Host.{i}.UserClassID,Device.Hosts.Host.{i}.X_0023C7_UserClassID,Optional,User Class Identifier DHCP option (Option 77) of the host. ,System - Identification,
LAN - Devices,InternetGatewayDevice.LANDevice.{i}.Hosts.Host.{i}.VendorClassID,Device.Hosts.Host.{i}.X_0023C7_VendorClassID,Recommended,Vendor Class Identifier DHCP option (Option 60) of the host. ,System - Identification,
LAN - Devices,InternetGatewayDevice.LANDevice.{i}.Hosts.Host.{i}.X_0023C7_LocalBytesReceived,Device.Hosts.Host.{i}.X_0023C7_LANStats.BytesReceived,Optional,The total number of bytes received from the LAN and sent to the Host device at the IP layer.,CEM,
LAN - Devices,InternetGatewayDevice.LANDevice.{i}.Hosts.Host.{i}.X_0023C7_RoutedBytesReceived,Device.Hosts.Host.{i}.WANStats.BytesReceived,Recommended,The total number of bytes received from the WAN and sent to the Host device at the IP layer.,CEM,
LAN - Devices,InternetGatewayDevice.LANDevice.{i}.Hosts.Host.{i}.X_0023C7_LocalPacketsReceived,Device.Hosts.Host.{i}.X_0023C7_LANStats.PacketsReceived,Optional,The total number of IP packets received from the LAN and sent to the Host device.,CEM,
LAN - Devices,InternetGatewayDevice.LANDevice.{i}.Hosts.Host.{i}.X_0023C7_RoutedPacketsReceived,Device.Hosts.Host.{i}.WANStats.PacketsReceived,Optional,The total number of IP packets received from the WAN and sent to the Host device.,CEM,
LAN - Devices,InternetGatewayDevice.LANDevice.{i}.Hosts.Host.{i}.X_0023C7_LocalBytesSent,Device.Hosts.Host.{i}.X_0023C7_LANStats.BytesSent,Optional,The total number of bytes transmitted to the LAN from the Host device at the IP layer.,CEM,
LAN - Devices,InternetGatewayDevice.LANDevice.{i}.Hosts.Host.{i}.X_0023C7_RoutedBytesSent,Device.Hosts.Host.{i}.WANStats.BytesSent,Recommended,The total number of bytes transmitted to the WAN from the Host device at the IP layer.,CEM,
LAN - Devices,InternetGatewayDevice.LANDevice.{i}.Hosts.Host.{i}.X_0023C7_LocalPacketsSent,Device.Hosts.Host.{i}.X_0023C7_LANStats.PacketsSent,Optional,The total number of IP packets transmitted to the LAN from the Host device.,CEM,
LAN - Devices,InternetGatewayDevice.LANDevice.{i}.Hosts.Host.{i}.X_0023C7_RoutedPacketsSent,Device.Hosts.Host.{i}.WANStats.PacketsSent,Optional,The total number of IP packets transmitted to the WAN from the Host device.,CEM,
LAN - Ports,InternetGatewayDevice.LANDevice.{i}.LANEthernetInterfaceConfig.{i}.Enable,Device.Ethernet.Interface.{i}.Enable,Recommended,Enables or disables this interface.,CEM,"CC - SupportManagementLanSidePanel, DMC - VDM_KnownDevices, DMC - VDM_LAN"
LAN - Ports,InternetGatewayDevice.LANDevice.{i}.LANEthernetInterfaceConfig.{i}.Status,Device.Ethernet.Interface.{i}.Status,Mandatory,Indicates the status of this interface.,CEM HealthScore - Ethernet,"CC - SupportManagementLanSidePanel, DMC - VDM_KnownDevices, DMC - VDM_LAN"
LAN - Ports,InternetGatewayDevice.LANDevice.{i}.LANEthernetInterfaceConfig.{i}.DuplexMode,Device.Ethernet.Interface.{i}.DuplexMode,Mandatory,The duplex mode available to this connection. ,CEM HealthScore - Ethernet,DMC - VDM_KnownDevices
LAN - Ports,InternetGatewayDevice.LANDevice.{i}.LANEthernetInterfaceConfig.{i}.MACAddress,Device.Ethernet.Interface.{i}.MACAddress,Recommended,"The unique manufacturer-assigned Ethernet hardware address of the
interface, also referred to as burned-in MAC address.",CC - SupportManagementLanSidePanel,
LAN - Ports,InternetGatewayDevice.LANDevice.{i}.LANEthernetInterfaceConfig.{i}.MaxBitRate,Device.Ethernet.Interface.{i}.MaxBitRate,Mandatory,The maximum upstream and downstream PHY bit rate supported by this interface (expressed in Mbps).,CEM,"DMC - VDM_KnownDevices, DMC - VDM_LAN"
LAN - Ports,InternetGatewayDevice.LANDevice.{i}.LANEthernetInterfaceConfig.{i}.X_0023C7_CurrentBitRate,Device.Ethernet.Interface.{i}.CurrentBitRate,Mandatory,The current upstream and downstream PHY bit rate on this interface (expressed in Mbps).,CEM HealthScore - Ethernet,
LAN - Ports,InternetGatewayDevice.LANDevice.{i}.LANEthernetInterfaceConfig.{i}.Name,Device.Ethernet.Interface.{i}.Name,Recommended,The textual name of the interface as assigned by the CPE.,CC - SupportManagementLanSidePanel,
LAN - Ports,InternetGatewayDevice.LANDevice.{i}.LANEthernetInterfaceConfig.{i}.Alias,Device.Ethernet.Interface.{i}.Alias,Optional,A non-volatile unique key used to reference this instance. ,Generic,
LAN - Ports,InternetGatewayDevice.LANDevice.{i}.LANEthernetInterfaceConfig.{i}.Stats.BytesReceived,Device.Ethernet.Interface.{i}.Stats.BytesReceived,Mandatory,"The total number of bytes received on the interface, including framing characters.",CEM HealthScore - Ethernet,"CC - SupportManagementLanSidePanel, DMC - VDM_KnownDevices, DMC - VDM_LAN"
LAN - Ports,InternetGatewayDevice.LANDevice.{i}.LANEthernetInterfaceConfig.{i}.Stats.PacketsReceived,Device.Ethernet.Interface.{i}.Stats.PacketsReceived,Recommended,The total number of packets which were received on this interface.,CC - SupportManagementLanSidePanel,
LAN - Ports,InternetGatewayDevice.LANDevice.{i}.LANEthernetInterfaceConfig.{i}.Stats.BroadcastPacketsReceived,Device.Ethernet.Interface.{i}.Stats.BroadcastPacketsReceived,Recommended,The total number of received packets which were addressed to a broadcast address.,CC - SupportManagementLanSidePanel,
LAN - Ports,InternetGatewayDevice.LANDevice.{i}.LANEthernetInterfaceConfig.{i}.Stats.DiscardPacketsReceived,Device.Ethernet.Interface.{i}.Stats.DiscardPacketsReceived,Recommended,The total number of inbound packets which were chosen to be discarded even though no errors had been detected to prevent their being deliverable. ,CC - SupportManagementLanSidePanel,
LAN - Ports,InternetGatewayDevice.LANDevice.{i}.LANEthernetInterfaceConfig.{i}.Stats.ErrorsReceived,Device.Ethernet.Interface.{i}.Stats.ErrorsReceived,Mandatory,The total number of inbound packets that contained errors preventing them from being deliverable.,CEM HealthScore - Ethernet,CC - SupportManagementLanSidePanel
LAN - Ports,InternetGatewayDevice.LANDevice.{i}.LANEthernetInterfaceConfig.{i}.Stats.MulticastPacketsReceived,Device.Ethernet.Interface.{i}.Stats.MulticastPacketsReceived,Recommended,The total number of received packets which were addressed to a multicast address.,CC - SupportManagementLanSidePanel,
LAN - Ports,InternetGatewayDevice.LANDevice.{i}.LANEthernetInterfaceConfig.{i}.Stats.UnicastPacketsReceived,Device.Ethernet.Interface.{i}.Stats.UnicastPacketsReceived,Recommended,The total number of received packets which were not addressed to a multicast or broadcast address.,CC - SupportManagementLanSidePanel,
LAN - Ports,InternetGatewayDevice.LANDevice.{i}.LANEthernetInterfaceConfig.{i}.Stats.BytesSent,Device.Ethernet.Interface.{i}.Stats.BytesSent,Mandatory,"The total number of bytes transmitted out of the interface, including framing characters. ",CEM HealthScore - Ethernet,"CC - SupportManagementLanSidePanel, DMC - VDM_KnownDevices, DMC - VDM_LAN"
LAN - Ports,InternetGatewayDevice.LANDevice.{i}.LANEthernetInterfaceConfig.{i}.Stats.PacketsSent,Device.Ethernet.Interface.{i}.Stats.PacketsSent,Recommended,The total number of packets transmitted out of the interface. ,CC - SupportManagementLanSidePanel,
LAN - Ports,InternetGatewayDevice.LANDevice.{i}.LANEthernetInterfaceConfig.{i}.Stats.BroadcastPacketsSent,Device.Ethernet.Interface.{i}.Stats.BroadcastPacketsSent,Recommended,"The total number of packets requested for transmission which were addressed to a broadcast address, including those that were discarded or not sent. ",CC - SupportManagementLanSidePanel,
LAN - Ports,InternetGatewayDevice.LANDevice.{i}.LANEthernetInterfaceConfig.{i}.Stats.DiscardPacketsSent,Device.Ethernet.Interface.{i}.Stats.DiscardPacketsSent,Recommended,The total number of outbound packets which were chosen to be discarded even though no errors had been detected to prevent their being transmitted. ,CC - SupportManagementLanSidePanel,
LAN - Ports,InternetGatewayDevice.LANDevice.{i}.LANEthernetInterfaceConfig.{i}.Stats.ErrorsSent,Device.Ethernet.Interface.{i}.Stats.ErrorsSent,Mandatory,The total number of outbound packets that could not be transmitted because of errors. ,CEM HealthScore - Ethernet,CC - SupportManagementLanSidePanel
LAN - Ports,InternetGatewayDevice.LANDevice.{i}.LANEthernetInterfaceConfig.{i}.Stats.MulticastPacketsSent,Device.Ethernet.Interface.{i}.Stats.MulticastPacketsSent,Recommended,"The total number of packets requested for transmission which were addressed to a multicast address, including those that were discarded or not sent.",CC - SupportManagementLanSidePanel,
LAN - Ports,InternetGatewayDevice.LANDevice.{i}.LANEthernetInterfaceConfig.{i}.Stats.UnicastPacketsSent,Device.Ethernet.Interface.{i}.Stats.UnicastPacketsSent,Recommended,"The total number of packets requested for transmission which were not addressed to a multicast or broadcast address, including those that were discarded or not sent. ",CC - SupportManagementLanSidePanel,
LAN - Total Stats,InternetGatewayDevice.LANDevice.{i}.LANEthernetInterfaceConfig.{i}.Stats.BytesReceived,Device.Ethernet.Interface.{i}.Stats.BytesReceived,Optional,The total number of bytes received on the LAN interface.,CEM,"DMC - VDM_LAN, Monitoring - Resource"
LAN - Total Stats,InternetGatewayDevice.LANDevice.{i}.LANEthernetInterfaceConfig.{i}.Stats.PacketsReceived,Device.Ethernet.Interface.{i}.Stats.BytesReceived,Recommended,The total number of IP packets received on the LAN interface.,DMC - VDM_LAN,
LAN - Total Stats,InternetGatewayDevice.LANDevice.{i}.LANEthernetInterfaceConfig.{i}.Stats.BroadcastPacketsReceived,Device.Ethernet.Interface.{i}.Stats.PacketsReceived,Optional,"The total number of packets that higher-level protocols requested for transmission and which were addressed to a broadcast address at this layer, including those that were discarded or not sent.",Generic,
LAN - Total Stats,InternetGatewayDevice.LANDevice.{i}.LANEthernetInterfaceConfig.{i}.Stats.DiscardPacketsReceived,Device.Ethernet.Interface.{i}.Stats.DiscardPacketsReceived,Optional,"The total number of inbound packets which were chosen to be discarded
even though no errors had been detected to prevent their being
delivered.",Generic,
LAN - Total Stats,InternetGatewayDevice.LANDevice.{i}.LANEthernetInterfaceConfig.{i}.Stats.ErrorsReceived,Device.Ethernet.Interface.{i}.Stats.ErrorsReceived,Recommended,The total number of inbound packets that contained errors preventing them from being delivered to a higher-layer protocol.,CEM,
LAN - Total Stats,InternetGatewayDevice.LANDevice.{i}.LANEthernetInterfaceConfig.{i}.Stats.MulticastPacketsReceived,Device.Ethernet.Interface.{i}.Stats.MulticastPacketsReceived,Optional,"The total number of received packets, delivered by this layer to a
higher layer, which were addressed to a multicast address at this
layer.",Generic,
LAN - Total Stats,InternetGatewayDevice.LANDevice.{i}.LANEthernetInterfaceConfig.{i}.Stats.UnicastPacketsReceived,Device.Ethernet.Interface.{i}.Stats.UnicastPacketsReceived,Optional,"The total number of received packets, delivered by this layer to a
higher layer, which were not addressed to a multicast or broadcast
address at this layer.",Generic,
LAN - Total Stats,InternetGatewayDevice.LANDevice.{i}.LANEthernetInterfaceConfig.{i}.Stats.BytesSent,Device.Ethernet.Interface.{i}.Stats.BytesSent,Optional,The total number of bytes send on the LAN interface.,CEM,"DMC - VDM_LAN, Monitoring - Resource"
LAN - Total Stats,InternetGatewayDevice.LANDevice.{i}.LANEthernetInterfaceConfig.{i}.Stats.PacketsSent,Device.Ethernet.Interface.{i}.Stats.PacketsSent,Recommended,The total number of IP packets send on the LAN interface.,DMC - VDM_LAN,
LAN - Total Stats,InternetGatewayDevice.LANDevice.{i}.LANEthernetInterfaceConfig.{i}.Stats.BroadcastPacketsSent,Device.Ethernet.Interface.{i}.Stats.BroadcastPacketsSent,Optional,"The total number of packets that higher-level protocols requested for
transmission and which were addressed to a broadcast address at this
layer, including those that were discarded or not sent.",Generic,
LAN - Total Stats,InternetGatewayDevice.LANDevice.{i}.LANEthernetInterfaceConfig.{i}.Stats.DiscardPacketsSent,Device.Ethernet.Interface.{i}.Stats.DiscardPacketsSent,Optional,"The total number of outbound packets which were chosen to be
discarded even though no errors had been detected to prevent their
being transmitted. ",Generic,
LAN - Total Stats,InternetGatewayDevice.LANDevice.{i}.LANEthernetInterfaceConfig.{i}.Stats.ErrorsSent,Device.Ethernet.Interface.{i}.Stats.ErrorsSent,Recommended,"The total number of outbound packets that could not be transmitted
because of errors.",CEM,
LAN - Total Stats,InternetGatewayDevice.LANDevice.{i}.LANEthernetInterfaceConfig.{i}.Stats.MulticastPacketsSent,Device.Ethernet.Interface.{i}.Stats.MulticastPacketsSent,Optional,"The total number of packets that higher-level protocols requested for
transmission and which were addressed to a multicast address at this
layer, including those that were discarded or not sent.",Generic,
LAN - Total Stats,InternetGatewayDevice.LANDevice.{i}.LANEthernetInterfaceConfig.{i}.Stats.UnicastPacketsSent,Device.Ethernet.Interface.{i}.Stats.UnicastPacketsSent,Optional,"The total number of packets requested for transmission which were not addressed to a multicast or broadcast address at this layer, including those that were discarded or not sent.",Generic,
LAN - IP Interfaces,InternetGatewayDevice.LANDevice.{i}.LANHostConfigManagement.IPInterface.{i}.Enable,Device.IP.Interface.{i}.IPv4Address.{i}.Enable,Optional,Enables or disables this entry. ,CEM,DMC - VDM_LAN
LAN - IP Interfaces,InternetGatewayDevice.LANDevice.{i}.LANHostConfigManagement.IPInterface.{i}.IPInterfaceAddressingType,Device.IP.Interface.{i}.IPv4Address.{i}.AddressingType,Optional,The method used to assign an address to the LAN side interface of the CPE for this connection.,CEM,DMC - VDM_LAN
LAN - IP Interfaces,InternetGatewayDevice.LANDevice.{i}.LANHostConfigManagement.IPInterface.{i}.IPInterfaceIPAddress,Device.IP.Interface.{i}.IPv4Address.{i}.IPAddress,Optional,IP address of the LAN-side interface of the CPE.,CEM,DMC - VDM_LAN
LAN - IP Interfaces,InternetGatewayDevice.LANDevice.{i}.LANHostConfigManagement.IPInterface.{i}.IPInterfaceSubnetMask,Device.IP.Interface.{i}.IPv4Address.{i}.SubnetMask,Optional,Subnet mask of the LAN-side interface of the CPE.,CEM,DMC - VDM_LAN
LAN - IP Interfaces,InternetGatewayDevice.LANDevice.{i}.LANHostConfigManagement.IPInterface.{i}.X_0023C7_IPv6Address.{i}.Enable,Device.IP.Interface.{i}.IPv6Address.{i}.Enable,Optional,Enables or disables this IPv6Address entry.,DMC - VDM_LAN,
LAN - IP Interfaces,InternetGatewayDevice.LANDevice.{i}.LANHostConfigManagement.IPInterface.{i}.X_0023C7_IPv6Address.{i}.Origin,Device.IP.Interface.{i}.IPv6Address.{i}.Origin,Optional,Mechanism via which the IP address was assigned. ,DMC - VDM_LAN,
LAN - IP Interfaces,InternetGatewayDevice.LANDevice.{i}.LANHostConfigManagement.IPInterface.{i}.X_0023C7_IPv6Address.{i}.IPAddress,Device.IP.Interface.{i}.IPv6Address.{i}.IPAddress,Optional,The CPE known IPv6 LAN address. ,CC - SupportStatusMainPanel,DMC - VDM_LAN
LAN - IP Interfaces,InternetGatewayDevice.LANDevice.{i}.LANHostConfigManagement.IPInterface.{i}.X_0023C7_IPv6Prefix.{i}.IPAddress,Device.IP.Interface.{i}.IPv6Prefix.{i}.Prefix,Optional,The CPE known IPv6 Prefix LAN address. ,CC - SupportStatusMainPanel,
Users,InternetGatewayDevice.User.{i}.Enable,Device.Users.User.{i}.Enable,Optional,Enables/disables this user object instance.,CEM,DMC - VDM_Users
Users,InternetGatewayDevice.User.{i}.Username,Device.Users.User.{i}.Username,Optional,Password of GUI account on CPE,CEM,DMC - VDM_Users
Users,InternetGatewayDevice.User.{i}.Password,Device.Users.User.{i}.Password,Optional,Username of GUI account on CPE,CEM,DMC - VDM_Users
WAN,InternetGatewayDevice.WANDevice.{i}.WANConnectionDevice.{i}.WANIPConnection.{i}.Enable,Device.IP.Interface.{i}.Enable,Recommended,Enables or disables the interface (regardless of IPv4Enable and IPv6Enable),System Task - SVManagerWAN,
WAN,InternetGatewayDevice.WANDevice.{i}.WANCommonInterfaceConfig.PhysicalLinkStatus,Device.IP.Interface.{i}.Status,Recommended,Indicates the state of the physical connection (link) from WAN,CC - SupportStatusMainPanel,Monitoring - DSL
WAN,InternetGatewayDevice.WANDevice.{i}.WANConnectionDevice.{i}.WANIPConnection.{i}.LastConnectionError,Device.IP.Interface.{i}.X_0023C7_LastConnectionError,Recommended,The cause of failure for the last connection setup attempt,CC - SupportStatusMainPanel,Monitoring - DSL
WAN,,,Optional,,DMC - VDM_WAN,
WAN,InternetGatewayDevice.WANDevice.{i}.WANConnectionDevice.{i}.WANIPConnection.{i}.MACAddress,Device.IP.Interface.{i}.X_0023C7_MACAddress,Optional,The physical address of the WAN connection if applicable,Generic,
WAN,InternetGatewayDevice.WANDevice.{i}.WANConnectionDevice.{i}.WANIPConnection.{i}.NATEnabled,Device.IP.Interface.{i}.X_0023C7_NATEnabled,Optional,Indicates if Network Address Translation (NAT) is enabled for this connection,DMC - VDM_WAN,
WAN,InternetGatewayDevice.WANDevice.{i}.WANConnectionDevice.{i}.WANIPConnection.{i}.Name,Device.IP.Interface.{i}.Name,Optional,The textual name of the interface as assigned by the CPE,Generic,
WAN,,,Optional,,DMC - VDM_WAN,
WAN,InternetGatewayDevice.WANDevice.{i}.WANConnectionDevice.{i}.WANIPConnection.{i}.Uptime,Device.IP.Interface.{i}.LastChange,Recommended,The time in seconds that this connection has been up,CC - SupportStatusMainPanel,Monitoring - DSL
WAN,InternetGatewayDevice.WANDevice.{i}.WANConnectionDevice.{i}.WANIPConnection.{i}.MaxMTUSize,Device.IP.Interface.{i}.MaxMTUSize,Optional,The maximum transmission unit (MTU); the largest allowed size of an IP packet,Generic,
WAN,InternetGatewayDevice.WANDevice.{i}.WANConnectionDevice.{i}.WANIPConnection.{i}.Alias,Device.IP.Interface.{i}.Alias,Recommended,Used for WAN idenification by SVMangerWAN (fallback if Name does not exist),System Task - SVManagerWAN,"CEM - Network Map, DMC - VDM_WAN"
WAN,InternetGatewayDevice.WANDevice.{i}.WANConnectionDevice.{i}.WANIPConnection.{i}.DefaultGateway,Device.DHCPv4.Client.{i}.IPRouters,Mandatory,Items represent IP Router IPv4 Address(es) received from the DHCP server,CEM Task - cemWan,CC - SupportStatusMainPanel
WAN,InternetGatewayDevice.WANDevice.{i}.WANConnectionDevice.{i}.WANIPConnection.{i}.DNSEnabled,Device.DNS.Client.Server.{i}.Enable,Optional,Whether or not the device SHOULD attempt to query a DNS server across this connection,DMC - VDM_WAN,Monitoring - LAN
WAN,InternetGatewayDevice.WANDevice.{i}.WANConnectionDevice.{i}.WANIPConnection.{i}.DNSServers,"Device.DHCPv4.Client.{i}.Interface
Device.DHCPv4.Client.{i}.DNSServers",Mandatory,Comma-separated list (maximum list length 64) of IPAddresses. DNS server IP addresses for this connection,CEM Task - cemWan,"CC - SupportInternetDataMainPanel, CC - SupportStatusMainPanel, DMC - VDM_WAN, Monitoring - LAN"
WAN,InternetGatewayDevice.WANDevice.{i}.WANConnectionDevice.{i}.WANIPConnection.{i}.X_0023C7_DNS6Enabled,,Optional,,DMC - VDM_WAN,
WAN,InternetGatewayDevice.WANDevice.{i}.WANConnectionDevice.{i}.WANIPConnection.{i}.X_0023C7_DNS6DNSServers,"Device.DHCPv6.Client.{i}.Interface 
Device.DHCPv6.Client.{i}.DNSServers",Recommended,,DMC - VDM_WAN,
WAN,InternetGatewayDevice.WANDevice.{i}.WANConnectionDevice.{i}.WANIPConnection.{i}.Uptime,Device.IP.Interface.{i}.LastChange,Recommended,The time in seconds that this connection has been up,CC - SupportInternetDataMainPanel,DMC - VDM_WAN
WAN,InternetGatewayDevice.WANDevice.{i}.WANConnectionDevice.{i}.WANIPConnection.{i}.Name,Device.IP.Interface.{i}.Name,Mandatory,Used for WAN idenification by SVMangerWAN,System Task - SVManagerWAN,DMC - VDM_WAN
WAN,-,-,Virtual,Indicates IP protocol version used by this WAN,DMC - VDM_WAN,
WAN,InternetGatewayDevice.WANDevice.{i}.WANConnectionDevice.{i}.WANIPConnection.{i}.ConnectionStatus,Device.IP.Interface.{i}.Status,Mandatory,The current operational state of the interface,CEM - Network Map,"CC - SupportInternetDataMainPanel, DMC - VDM_WAN"
WAN,InternetGatewayDevice.WANDevice.{i}.WANConnectionDevice.{i}.WANIPConnection.{i}.ExternalIPAddress,Device.IP.Interface.{i}.IPv4Address.{i}.IPAddress,Mandatory,IPv4 address,CEM - Network Map,"CC - SupportInternetDataMainPanel, DMC - VDM_WAN, Monitoring - DSL, Monitoring - Rich IPTV"
WAN,InternetGatewayDevice.WANDevice.{i}.WANConnectionDevice.{i}.WANIPConnection.{i}.AddressingType,Device.IP.Interface.{i}.IPv4Address.{i}.AddressingType,Recommended,Addressing method used to assign the IP address. ,CEM - Network Map,"CC - SupportStatusMainPanel, DMC - VDM_WAN, Monitoring - Rich IPTV"
WAN,InternetGatewayDevice.WANDevice.{i}.WANConnectionDevice.{i}.WANIPConnection.{i}.DefaultGateway,Device.IP.Interface.{i}.IPv4Address.{i}.X_0023C7_DefaultGateway,Recommended,The IP address of the default gateway for this connection,CEM Task - cemWan,"CC - SupportInternetDataMainPanel, DMC - VDM_WAN"
WAN,InternetGatewayDevice.WANDevice.{i}.WANConnectionDevice.{i}.WANIPConnection.{i}.Enable,Device.IP.Interface.{i}.IPv4Address.{i}.Enable,Optional,Enables or disables this IPv4 address.,DMC - VDM_WAN,
WAN,InternetGatewayDevice.WANDevice.{i}.WANConnectionDevice.{i}.WANIPConnection.{i}.SubnetMask,Device.IP.Interface.{i}.IPv4Address.{i}.SubnetMask,Recommended,Subnet mask of the WAN interface,CEM - Network Map,"CC - SupportStatusMainPanel, DMC - VDM_WAN"
WAN,InternetGatewayDevice.WANDevice.{i}.WANConnectionDevice.{i}.WANIPConnection.{i}.ConnectionStatus,Device.IP.Interface.{i}.IPv4Address.{i}.Status,Recommended,The status of this IPv4Address table entry. ,DMC - VDM_WAN,
WAN,InternetGatewayDevice.WANDevice.{i}.WANConnectionDevice.{i}.WANIPConnection.{i}.ExternalIPAddress,Device.IP.Interface.{i}.IPv6Address.{i}.IPAddress,Recommended,IPv6 address.,CEM - Network Map,DMC - VDM_WAN
WAN,InternetGatewayDevice.WANDevice.{i}.WANConnectionDevice.{i}.WANIPConnection.{i}.X_0023C7_IPv6.Enable,Device.IP.Interface.{i}.IPv6Address.{i}.Enable,Optional,Enables or disables this IPv6Address entry.,DMC - VDM_WAN,
WAN,InternetGatewayDevice.WANDevice.{i}.WANConnectionDevice.{i}.WANIPConnection.{i}.X_0023C7_IPv6.Origin,Device.IP.Interface.{i}.IPv6Address.{i}.Origin,Optional,Mechanism via which the IP address was assigned. ,DMC - VDM_WAN,
WAN,InternetGatewayDevice.WANDevice.{i}.WANConnectionDevice.{i}.WANIPConnection.{i}.X_0023C7_IPv6.Status,Device.IP.Interface.{i}.IPv6Address.{i}.Status,Recommended,The status of this IPv6Address table entry. ,DMC - VDM_WAN,
WAN,InternetGatewayDevice.WANDevice.{i}.WANConnectionDevice.{i}.WANIPConnection.{i}.X_0023C7_IPv6Prefix.Enable,Device.IP.Interface.{i}.IPv6Prefix.{i}.Enable,Optional,Enables or disables this IPv6Address entry,DMC - VDM_WAN,
WAN,InternetGatewayDevice.WANDevice.{i}.WANConnectionDevice.{i}.WANIPConnection.{i}.X_0023C7_IPv6Prefix.Origin,Device.IP.Interface.{i}.IPv6Prefix.{i}.Origin,Optional,Mechanism via which the IP address was assigned,DMC - VDM_WAN,
WAN,InternetGatewayDevice.WANDevice.{i}.WANConnectionDevice.{i}.WANIPConnection.{i}.X_0023C7_IPv6Prefix.Prefix,Device.IP.Interface.{i}.IPv6Prefix.{i}.Prefix,Optional,IPv6 address prefix,DMC - VDM_WAN,
WAN,InternetGatewayDevice.WANDevice.{i}.WANConnectionDevice.{i}.WANIPConnection.{i}.X_0023C7_IPv6Prefix.Status,Device.IP.Interface.{i}.IPv6Prefix.{i}.Status,Optional,The status of this IPv6Address table entry,DMC - VDM_WAN,
WAN,InternetGatewayDevice.WANDevice.{i}.WANConnectionDevice.{i}.WANIPConnection.{i}.EthernetBytesReceived,Device.IP.Interface.{i}.Stats.BytesReceived,Recommended,"The total number of bytes received on the interface, including framing characters",CEM - Network Map,CC - SupportInternetDataMainPanel
WAN,InternetGatewayDevice.WANDevice.{i}.WANConnectionDevice.{i}.WANIPConnection.{i}.EthernetPacketsReceived,Device.IP.Interface.{i}.Stats.PacketsReceived,Recommended,The total number of packets received on the interface,CEM - Network Map,
WAN,InternetGatewayDevice.WANDevice.{i}.WANConnectionDevice.{i}.WANIPConnection.{i}.EthernetBytesSent,Device.IP.Interface.{i}.Stats.BytesSent,Recommended,"The total number of bytes transmitted out of the interface, including framing characters",CEM - Network Map,CC - SupportInternetDataMainPanel
WAN,InternetGatewayDevice.WANDevice.{i}.WANConnectionDevice.{i}.WANIPConnection.{i}.EthernetPacketsSent,Device.IP.Interface.{i}.Stats.PacketsSent,Recommended,The total number of packets transmitted out of the interface,CEM - Network Map,CEM - Network Map
WAN,InternetGatewayDevice.WANDevice.{i}.WANConnectionDevice.{i}.WANIPConnection.{i}.EthernetBytesReceived,Device.IP.Interface.{i}.Stats.BytesReceived,Mandatory,"The total number of bytes received on the interface, including framing characters",CEM Task - cemWan,"CC - SupportStatusMainPanel, Monitoring - Link consumption, Monitoring - Resource"
WAN,InternetGatewayDevice.WANDevice.{i}.WANConnectionDevice.{i}.WANIPConnection.{i}.EthernetPacketsReceived,Device.IP.Interface.{i}.Stats.PacketsReceived,Optional,The total number of packets received on the interface,Generic,
WAN,InternetGatewayDevice.WANDevice.{i}.WANCommonInterfaceConfig.Layer1DownstreamMaxBitRate,Device.IP.Interface.{i}.LowerLayers,Recommended,Each list item MUST be the Path Name of an interface object that is stacked immediately below this interface object,CEM,
WAN,InternetGatewayDevice.WANDevice.{i}.WANConnectionDevice.{i}.WANIPConnection.{i}.EthernetBytesSent,Device.IP.Interface.{i}.Stats.BytesSent,Mandatory,"The total number of bytes transmitted out of the interface, including framing characters",CEM Task - cemWan,"CC - SupportStatusMainPanel, Monitoring - Link consumption, Monitoring - Resource"
WAN,InternetGatewayDevice.WANDevice.{i}.WANConnectionDevice.{i}.WANIPConnection.{i}.EthernetPacketsSent,Device.IP.Interface.{i}.Stats.PacketsSent,Optional,The total number of packets transmitted out of the interface,Generic,
WAN,InternetGatewayDevice.WANDevice.{i}.WANCommonInterfaceConfig.Layer1UpstreamMaxBitRate,Device.IP.Interface.{i}.LowerLayers,Recommended,Each list item MUST be the Path Name of an interface object that is stacked immediately below this interface object,CEM,
WAN - xPON (only for CPEs with xPON uplink),InternetGatewayDevice.X_0023C7_Optical.Interface.{i}.Status,Device.Optical.Interface.{i}.Status,Recommended,The current operational state of the optical interface.,CEM,DMC - VDM_GPON
WAN - xPON (only for CPEs with xPON uplink),InternetGatewayDevice.X_0023C7_Optical.Interface.{i}.Enable,Device.Optical.Interface.{i}.Enable,Recommended,Enables or disables the optical interface.,CEM,DMC - VDM_GPON
WAN - xPON (only for CPEs with xPON uplink),InternetGatewayDevice.X_0023C7_Optical.Interface.{i}.Technology,Device.Optical.Interface.{i}.X_0023C7_Technology,Optional,"Optical technology used by this interface. 
This parameter indicates type of xPON technology in DMC WAN Dashboard",Generic,
WAN - xPON (only for CPEs with xPON uplink),InternetGatewayDevice.X_0023C7_Optical.Interface.{i}.BiasCurrent,Device.Optical.Interface.{i}.X_0023C7_BiasCurrent,Recommended,Bias current of the optical module,CEM,DMC - VDM_GPON
WAN - xPON (only for CPEs with xPON uplink),InternetGatewayDevice.X_0023C7_Optical.Interface.{i}.MACAddress,Device.Optical.Interface.{i}.X_0023C7_MACAddress,Recommended,MAC address of the optical interface,CEM,DMC - VDM_GPON
WAN - xPON (only for CPEs with xPON uplink),InternetGatewayDevice.X_0023C7_Optical.Interface.{i}.OpticalSignalLevel,Device.Optical.Interface.{i}.OpticalSignalLevel,Mandatory,Current measurement of total downstream optical signal level.,CEM HealthScore - Access Network Technology (xPON),"CEM Task - cemWanGpon, DMC - VDM_GPON"
WAN - xPON (only for CPEs with xPON uplink),InternetGatewayDevice.X_0023C7_Optical.Interface.{i}.TransmitOpticalLevel,Device.Optical.Interface.{i}.TransmitOpticalLevel,Recommended,Current measurement of mean optical launch power.,CEM,"CEM Task - cemWanGpon, DMC - VDM_GPON"
WAN - xPON (only for CPEs with xPON uplink),InternetGatewayDevice.X_0023C7_Optical.Interface.{i}.SupplyVoltage,Device.Optical.Interface.{i}.X_0023C7_SupplyVoltage,Recommended,Supply voltage of the optical module,CEM,
WAN - xPON (only for CPEs with xPON uplink),InternetGatewayDevice.X_0023C7_Optical.Interface.{i}.TransceiverTemperature,Device.Optical.Interface.{i}.X_0023C7_TransceiverTemperature,Recommended,Current temperature of optical transceiver,CEM,DMC - VDM_GPON
WAN - xPON (only for CPEs with xPON uplink),InternetGatewayDevice.X_0023C7_Optical.Interface.{i}.Name,Device.Optical.Interface.{i}.Name,Optional,,Generic,
WAN - xPON (only for CPEs with xPON uplink),InternetGatewayDevice.X_0023C7_Optical.Interface.{i}.Alias,Device.Optical.Interface.{i}.Alias,Optional,,Generic,
WAN - xPON (only for CPEs with xPON uplink),InternetGatewayDevice.X_0023C7_Optical.Interface.{i}.LastChange,Device.Optical.Interface.{i}.LastChange,Optional,,Generic,
WAN - xPON (only for CPEs with xPON uplink),InternetGatewayDevice.X_0023C7_Optical.Interface.{i}.LowerTransmitPowerThreshold,Device.Optical.Interface.{i}.X_0023C7_LowerTransmitPowerThreshold,Optional,,Generic,
WAN - xPON (only for CPEs with xPON uplink),InternetGatewayDevice.X_0023C7_Optical.Interface.{i}.UpperTransmitPowerThreshold,Device.Optical.Interface.{i}.X_0023C7_UpperTransmitPowerThreshold,Optional,,Generic,
WAN - xPON (only for CPEs with xPON uplink),InternetGatewayDevice.X_0023C7_Optical.Interface.{i}.LowerOpticalThreshold,Device.Optical.Interface.{i}.X_0023C7_LowerOpticalThreshold,Optional,,Generic,
WAN - xPON (only for CPEs with xPON uplink),InternetGatewayDevice.X_0023C7_Optical.Interface.{i}.UpperOpticalThreshold,Device.Optical.Interface.{i}.X_0023C7_UpperOpticalThreshold,Optional,,Generic,
WAN - xPON (only for CPEs with xPON uplink),InternetGatewayDevice.X_0023C7_Optical.Interface.{i}.Upstream,Device.Optical.Interface.{i}.Upstream,Optional,,Generic,
WAN - xPON (only for CPEs with xPON uplink),InternetGatewayDevice.X_0023C7_Optical.Interface.{i}.SFP.Model,Device.Optical.Interface.{i}.X_0023C7_SFP.Model,Optional,,Generic,
WAN - xPON (only for CPEs with xPON uplink),InternetGatewayDevice.X_0023C7_Optical.Interface.{i}.SFP.Presence,Device.Optical.Interface.{i}.X_0023C7_SFP.Presence,Optional,,Generic,
WAN - xPON (only for CPEs with xPON uplink),InternetGatewayDevice.X_0023C7_Optical.Interface.{i}.SFP.Serial,Device.Optical.Interface.{i}.X_0023C7_SFP.Serial,Optional,,Generic,
WAN - xPON (only for CPEs with xPON uplink),InternetGatewayDevice.X_0023C7_Optical.Interface.{i}.Stats.DiscardPacketsReceived,Device.Optical.Interface.{i}.Stats.DiscardPacketsReceived,Recommended,The total number of inbound packets which were chosen to be discarded even though no errors had been detected to prevent their being delivered,CEM,
WAN - xPON (only for CPEs with xPON uplink),InternetGatewayDevice.X_0023C7_Optical.Interface.{i}.Stats.FECError,Device.Optical.Interface.{i}.Stats.X_0023C7_FECError,Recommended,Number of errors corrected by Forward Error Correction,CEM,
WAN - xPON (only for CPEs with xPON uplink),InternetGatewayDevice.X_0023C7_Optical.Interface.{i}.Stats.HECError,Device.Optical.Interface.{i}.Stats.X_0023C7_HECError,Recommended,Number of errors corrected by Header Error Control,CEM,
WAN - xPON (only for CPEs with xPON uplink),InternetGatewayDevice.X_0023C7_Optical.Interface.{i}.Stats.BytesReceived,Device.Optical.Interface.{i}.Stats.BytesReceived,Recommended,"The total number of bytes received on the interface, including framing characters.",CEM,DMC - VDM_GPON
WAN - xPON (only for CPEs with xPON uplink),InternetGatewayDevice.X_0023C7_Optical.Interface.{i}.Stats.PacketsReceived,Device.Optical.Interface.{i}.Stats.PacketsReceived,Recommended,The total number of packets received on the interface.,CEM,DMC - VDM_GPON
WAN - xPON (only for CPEs with xPON uplink),InternetGatewayDevice.X_0023C7_Optical.Interface.{i}.Stats.BroadcastPacketsReceived,Device.Optical.Interface.{i}.Stats.X_0023C7_BroadcastPacketsReceived,Optional,Number of broadcast packets received on the interface,DMC,DMC - VDM_GPON
WAN - xPON (only for CPEs with xPON uplink),InternetGatewayDevice.X_0023C7_Optical.Interface.{i}.Stats.MulticastPacketsReceived,Device.Optical.Interface.{i}.Stats.X_0023C7_MulticastPacketsReceived,Optional,Number of multicast packets received on the interface,DMC,DMC - VDM_GPON
WAN - xPON (only for CPEs with xPON uplink),InternetGatewayDevice.X_0023C7_Optical.Interface.{i}.Stats.PausePacketsReceived,Device.Optical.Interface.{i}.Stats.X_0023C7_PausePacketsReceived,Optional,Number of pause packets received on the interface,DMC,DMC - VDM_GPON
WAN - xPON (only for CPEs with xPON uplink),InternetGatewayDevice.X_0023C7_Optical.Interface.{i}.Stats.UnicastPacketsReceived,Device.Optical.Interface.{i}.Stats.X_0023C7_UnicastPacketsReceived,Optional,Number of unicast packets received on the interface,DMC,DMC - VDM_GPON
WAN - xPON (only for CPEs with xPON uplink),InternetGatewayDevice.X_0023C7_Optical.Interface.{i}.Stats.ErrorsReceived,Device.Optical.Interface.{i}.Stats.ErrorsReceived,Optional,TBD,DMC,DMC - VDM_GPON
WAN - xPON (only for CPEs with xPON uplink),InternetGatewayDevice.X_0023C7_Optical.Interface.{i}.Stats.BytesSent,Device.Optical.Interface.{i}.Stats.BytesSent,Recommended,"The total number of bytes transmitted out of the interface, including framing characters.",CEM,DMC - VDM_GPON
WAN - xPON (only for CPEs with xPON uplink),InternetGatewayDevice.X_0023C7_Optical.Interface.{i}.Stats.PacketsSent,Device.Optical.Interface.{i}.Stats.PacketsSent,Recommended,The total number of packets transmitted out of the interface.,CEM,DMC - VDM_GPON
WAN - xPON (only for CPEs with xPON uplink),InternetGatewayDevice.X_0023C7_Optical.Interface.{i}.Stats.BroadcastPacketsSent,Device.Optical.Interface.{i}.Stats.X_0023C7_BroadcastPacketsSent,Optional,Number of broadcast packets transmistted out of the interface,DMC,DMC - VDM_GPON
WAN - xPON (only for CPEs with xPON uplink),InternetGatewayDevice.X_0023C7_Optical.Interface.{i}.Stats.MulticastPacketsSent,Device.Optical.Interface.{i}.Stats.X_0023C7_MulticastPacketsSent,Optional,Number of multicast packets transmistted out of the interface,DMC,DMC - VDM_GPON
WAN - xPON (only for CPEs with xPON uplink),InternetGatewayDevice.X_0023C7_Optical.Interface.{i}.Stats.PausePacketsSent,Device.Optical.Interface.{i}.Stats.X_0023C7_PausePacketsSent,Optional,Number of pause packets transmistted out of the interface,DMC,DMC - VDM_GPON
WAN - xPON (only for CPEs with xPON uplink),InternetGatewayDevice.X_0023C7_Optical.Interface.{i}.Stats.UnicastPacketsSent,Device.Optical.Interface.{i}.Stats.X_0023C7_UnicastPacketsSent,Optional,Number of unicast packets transmistted out of the interface,DMC,DMC - VDM_GPON
WAN - xPON (only for CPEs with xPON uplink),InternetGatewayDevice.X_0023C7_Optical.Interface.{i}.Stats.ErrorsSent,Device.Optical.Interface.{i}.Stats.ErrorsSent,Optional,TBD,DMC,DMC - VDM_GPON
WAN - DSL (only for CPEs with DSL uplink),InternetGatewayDevice.WANDevice.{i}.WANDSLInterfaceConfig.ATMEncapsulation,Device.ATM.Link.{i}.Encapsulation,Optional,ATM Encapsulation type,CEM,
WAN - DSL (only for CPEs with DSL uplink),InternetGatewayDevice.WANDevice.{i}.WANDSLInterfaceConfig.DataPath,Device.DSL.Channel.{i}.LPATH,Optional,Indicates whether the data path is fast (lower latency) or interleaved (lower error rate),Monitoring - DSL,"DMC - VDM_DSL, Monitoring - DSL"
WAN - DSL (only for CPEs with DSL uplink),InternetGatewayDevice.WANDevice.{i}.WANConnectionDevice.{i}.WANDSLLinkConfig.Enable,Device.DSL.Line.{i}.Enable,Optional,TBD,Generic,
WAN - DSL (only for CPEs with DSL uplink),InternetGatewayDevice.WANDevice.{i}.WANDSLInterfaceConfig.LineEncoding,Device.DSL.Line.{i}.LineEncoding,Optional,Indicates the standard that the B-NT is using for the connection,Monitoring - DSL,"DMC - VDM_DSL, Monitoring - DSL"
WAN - DSL (only for CPEs with DSL uplink),InternetGatewayDevice.WANDevice.{i}.WANDSLInterfaceConfig.InterleaveDepth,Device.DSL.Channel.{i}.INTLVDEPTH,Optional,ADSL1 Interleaved depth. This variable is only applicable to ADSL1 and only if DataPath = Interleaved. Otherwise,Monitoring - DSL,"DMC - VDM_DSL, Monitoring - DSL"
WAN - DSL (only for CPEs with DSL uplink),InternetGatewayDevice.WANDevice.{i}.WANDSLInterfaceConfig.LinkEncapsulationRequested,Device.DSL.Channel.{i}.LinkEncapsulationUsed,Optional,Indicates the link encapsulation standard that the B-NT is using for the connection,Monitoring - DSL,"DMC - VDM_DSL, Monitoring - DSL"
WAN - DSL (only for CPEs with DSL uplink),InternetGatewayDevice.WANDevice.{i}.WANConnectionDevice.{i}.WANDSLLinkConfig.LinkType,Device.ATM.Link.{i}.LinkType,Optional,Type of the link,Generic,
WAN - DSL (only for CPEs with DSL uplink),InternetGatewayDevice.WANDevice.{i}.WANConnectionDevice.{i}.WANDSLLinkConfig.ModulationType,Device.DSL.Line.{i}.XTSUsed,Optional,The type of DSL modulation used on the interface associated with this connection,Monitoring - DSL,"DMC - VDM_DSL, Monitoring - DSL"
WAN - DSL (only for CPEs with DSL uplink),InternetGatewayDevice.WANDevice.{i}.WANConnectionDevice.{i}.WANDSLLinkConfig.DestinationAddress,Device.ATM.Link.{i}.DestinationAddress,Recommended,PVC channel ex: '8/35',CC - SupportInternetDataMainPanel,CC - SupportStatusMainPanel
WAN - DSL (only for CPEs with DSL uplink),InternetGatewayDevice.WANDevice.{i}.WANDSLInterfaceConfig.StandardUsed,Device.DSL.Line.{i}.XTSE,Optional,Indicates the standard that the B-NT is using for the connection,Generic,
WAN - DSL (only for CPEs with DSL uplink),InternetGatewayDevice.WANDevice.{i}.WANConnectionDevice.{i}.WANDSLLinkConfig.LinkStatus,Device.DSL.Line.{i}.LinkStatus,Optional,Status of the link,CEM,
WAN - DSL (only for CPEs with DSL uplink),InternetGatewayDevice.WANDevice.{i}.WANDSLInterfaceConfig.DownstreamMaxRate,Device.DSL.Line.{i}.DownstreamMaxBitRate,Recommended,The current attainable rate of the downstream DSL channel.,CEM,"DMC - VDM_DSL, Monitoring - DSL"
WAN - DSL (only for CPEs with DSL uplink),InternetGatewayDevice.WANDevice.{i}.WANDSLInterfaceConfig.DownstreamCurrRate,Device.DSL.Channel.{i}.DownstreamCurrRate,Recommended,The current physical layer aggregate data rate of the downstream DSL connection.,CEM,"DMC - VDM_DSL, Monitoring - DSL"
WAN - DSL (only for CPEs with DSL uplink),InternetGatewayDevice.WANDevice.{i}.WANDSLInterfaceConfig.DownstreamAttenuation,Device.DSL.Line.{i}.DownstreamAttenuation,Mandatory,The current downstream signal loss,CEM HealthScore - Access Network Technology (DSL),"DMC - VDM_DSL, Monitoring - DSL"
WAN - DSL (only for CPEs with DSL uplink),InternetGatewayDevice.WANDevice.{i}.WANDSLInterfaceConfig.DownstreamNoiseMargin,Device.DSL.Line.{i}.DownstreamNoiseMargin,Recommended,The current signal-to-noise ratio margin in the downstream direction,CEM,"DMC - VDM_DSL, Monitoring - DSL"
WAN - DSL (only for CPEs with DSL uplink),InternetGatewayDevice.WANDevice.{i}.WANDSLInterfaceConfig.DownstreamPower,Device.DSL.Line.{i}.DownstreamPower,Recommended,The current received power at the CPE's DSL interface,CEM,"DMC - VDM_DSL, Monitoring - DSL"
WAN - DSL (only for CPEs with DSL uplink),InternetGatewayDevice.WANDevice.{i}.WANDSLInterfaceConfig.Stats.Showtime.CRCErrors,Device.DSL.Channel.{i}.Stats.Showtime.XTUCCRCErrors,Mandatory,Number of CRC errors detected since the most recent DSL Showtime,CEM HealthScore - Access Network Technology (DSL),"DMC - VDM_DSL, Monitoring - DSL"
WAN - DSL (only for CPEs with DSL uplink),InternetGatewayDevice.WANDevice.{i}.WANDSLInterfaceConfig.Stats.Showtime.ErroredSecs,Device.DSL.Line.{i}.Stats.Showtime.ErroredSecs,Optional,Number of errored seconds since the most recent DSL Showtime,CEM,
WAN - DSL (only for CPEs with DSL uplink),InternetGatewayDevice.WANDevice.{i}.WANDSLInterfaceConfig.Stats.Showtime.FECErrors,Device.DSL.Channel.{i}.Stats.Showtime.XTURFECErrors,Optional,Total number of FEC errors detected,CEM,"DMC, DMC - VDM_DSL, Monitoring - DSL"
WAN - DSL (only for CPEs with DSL uplink),InternetGatewayDevice.WANDevice.{i}.WANDSLInterfaceConfig.Stats.Showtime.HECErrors,Device.DSL.Channel.{i}.Stats.Showtime.XTURHECErrors,Mandatory,Total number of HEC errors detected,CEM HealthScore - Access Network Technology (DSL),"DMC, DMC - VDM_DSL, Monitoring - DSL"
WAN - DSL (only for CPEs with DSL uplink),InternetGatewayDevice.WANDevice.{i}.WANDSLInterfaceConfig.Stats.Showtime.LinkRetrain,Device.DSL.Channel.{i}.Stats.Showtime.X_0023C7_LinkRetrain,Mandatory,Number of link-retrain errors since the most recent DSL Showtime,CEM HealthScore - Access Network Technology (DSL),Monitoring - DSL
WAN - DSL (only for CPEs with DSL uplink),InternetGatewayDevice.WANDevice.{i}.WANDSLInterfaceConfig.Stats.Showtime.LossOfFraming,Device.DSL.Channel.{i}.Stats.Showtime.X_0023C7_LossOfFraming,Recommended,Number of loss-of-framing errors since the most recent DSL Showtime,CEM,Monitoring - DSL
WAN - DSL (only for CPEs with DSL uplink),InternetGatewayDevice.WANDevice.{i}.WANDSLInterfaceConfig.ShowtimeStart,Device.DSL.Channel.{i}.Stats.ShowtimeStart,Optional,The Number of seconds since the most recent DSL Showtime,CEM,Monitoring - DSL
WAN - DSL (only for CPEs with DSL uplink),InternetGatewayDevice.WANDevice.{i}.WANDSLInterfaceConfig.UpstreamMaxRate,Device.DSL.Line.{i}.UpstreamMaxBitRate,Recommended,The current attainable rate of the upstream DSL channel.,CEM,"DMC - VDM_DSL, Monitoring - DSL"
WAN - DSL (only for CPEs with DSL uplink),InternetGatewayDevice.WANDevice.{i}.WANDSLInterfaceConfig.UpstreamCurrRate,Device.DSL.Channel.{i}.UpstreamCurrRate,Recommended,The current physical layer aggregate data rate of the upstream DSL connection.,CEM,"DMC - VDM_DSL, Monitoring - DSL"
WAN - DSL (only for CPEs with DSL uplink),InternetGatewayDevice.WANDevice.{i}.WANDSLInterfaceConfig.UpstreamAttenuation,Device.DSL.Line.{i}.UpstreamAttenuation,Mandatory,The current upstream signal loss (expressed in dB),CEM HealthScore - Access Network Technology (DSL),"DMC - VDM_DSL, Monitoring - DSL"
WAN - DSL (only for CPEs with DSL uplink),InternetGatewayDevice.WANDevice.{i}.WANDSLInterfaceConfig.UpstreamNoiseMargin,Device.DSL.Line.{i}.UpstreamNoiseMargin,Mandatory,The current signal-to-noise ratio margin (expressed in dB) in the upstream direction,CEM HealthScore - Access Network Technology (DSL),"DMC - VDM_DSL, Monitoring - DSL"
WAN - DSL (only for CPEs with DSL uplink),InternetGatewayDevice.WANDevice.{i}.WANDSLInterfaceConfig.UpstreamPower,Device.DSL.Line.{i}.UpstreamPower,Recommended,The current output power at the CPE's DSL interface (expressed in dBmV),CEM,"DMC - VDM_DSL, Monitoring - DSL"
WAN - Ethernet (only for CPE with Ethernet uplink),InternetGatewayDevice.WANDevice.{i}.WANEthernetInterfaceConfig.DuplexMode,Device.Ethernet.Interface.{i}.DuplexMode,Recommended,The duplex mode available to this connection,CEM,DMC - VDM_Ethernet
WAN - Ethernet (only for CPE with Ethernet uplink),InternetGatewayDevice.WANDevice.{i}.WANEthernetInterfaceConfig.Enable,Device.Ethernet.Interface.{i}.Enable,Recommended,Enables or disables this interface,CEM,DMC - VDM_Ethernet
WAN - Ethernet (only for CPE with Ethernet uplink),InternetGatewayDevice.WANDevice.{i}.WANEthernetInterfaceConfig.MaxBitRate,Device.Ethernet.Interface.{i}.MaxBitRate,Recommended,The maximum upstream and downstream bit rate available to this connection,CEM,DMC - VDM_Ethernet
WAN - Ethernet (only for CPE with Ethernet uplink),InternetGatewayDevice.WANDevice.{i}.WANEthernetInterfaceConfig.Status,Device.Ethernet.Interface.{i}.Status,Recommended,Indicates the status of this interface,CEM,DMC - VDM_Ethernet
WAN - Ethernet (only for CPE with Ethernet uplink),TBDInternetGatewayDevice.WANDevice.{i}.WANEthernetInterfaceConfig.X_0023C7_VLANID,"Device.Ethernet.VLANTermination.{i}.Enable
Device.Ethernet.VLANTermination.{i}.VLANID",Optional,The VLAN ID for this VLANTermination,Generic,
WAN - Ethernet (only for CPE with Ethernet uplink),InternetGatewayDevice.WANDevice.{i}.WANEthernetInterfaceConfig.Stats.BytesReceived,Device.Ethernet.Interface.{i}.Stats.BytesReceived,Recommended,Total number of bytes received over the interface since the CPE was last reset,CEM,DMC - VDM_Ethernet
WAN - Ethernet (only for CPE with Ethernet uplink),InternetGatewayDevice.WANDevice.{i}.WANEthernetInterfaceConfig.Stats.PacketsReceived,Device.Ethernet.Interface.{i}.Stats.PacketsReceived,Recommended,Total number of packets received over the interface since the CPE was last reset,CEM,DMC - VDM_Ethernet
WAN - Ethernet (only for CPE with Ethernet uplink),InternetGatewayDevice.WANDevice.{i}.WANEthernetInterfaceConfig.Stats.BytesSent,Device.Ethernet.Interface.{i}.Stats.BytesSent,Recommended,Total number of bytes sent over the interface since the CPE was last reset,CEM,DMC - VDM_Ethernet
WAN - Ethernet (only for CPE with Ethernet uplink),InternetGatewayDevice.WANDevice.{i}.WANEthernetInterfaceConfig.Stats.PacketsSent,Device.Ethernet.Interface.{i}.Stats.PacketsSent,Recommended,Total number of packets sent over the interface since the CPE was last reset,CEM,DMC - VDM_Ethernet
WAN - VLAN Termination (only for CPE with Ethernet uplink),InternetGatewayDevice.WANDevice.{i}.WANEthernetInterfaceConfig.X_0023C7_VLANTermination.Enable,Device.Ethernet.VLANTermination.{i}.Enable,Optional,Total number of packets sent over the interface since the CPE was last reset,Generic,
WAN - VLAN Termination (only for CPE with Ethernet uplink),InternetGatewayDevice.WANDevice.{i}.WANEthernetInterfaceConfig.X_0023C7_VLANTermination.Name,Device.Ethernet.VLANTermination.{i}.Name,Optional,Total number of packets sent over the interface since the CPE was last reset,Generic,
WAN - VLAN Termination (only for CPE with Ethernet uplink),InternetGatewayDevice.WANDevice.{i}.WANEthernetInterfaceConfig.X_0023C7_VLANTermination.VLANID,Device.Ethernet.VLANTermination.{i}.VLANID,Optional,Total number of packets sent over the interface since the CPE was last reset,Generic,
WAN - HFC (only for CPE with DOCSIS uplink),InternetGatewayDevice.X_0023C7_DOCSIS.DownstreamChannel.{i}.Power,Device.DOCSIS.DownstreamChannel.{i}.Power,Optional,"The received power level. If the interface is down, this object either returns the configured value (from the CMTS), the most current value (from the CM) or the value of 0.",CEM,DMC - VDM_HFC
WAN - HFC (only for CPE with DOCSIS uplink),InternetGatewayDevice.X_0023C7_DOCSIS.Interface.{i}.DOCSISVersion,Device.DOCSIS.Interface.{i}.DOCSISVersion,Optional,Indication of the DOCSIS capability of the device.,DMC - VDM_HFC,Monitoring - HFC
WAN - HFC (only for CPE with DOCSIS uplink),InternetGatewayDevice.X_0023C7_DOCSIS.Interface.{i}.Status,Device.DOCSIS.Interface.{i}.Status,Optional,The current operational state of the interface.,CEM,DMC - VDM_HFC
WAN - HFC (only for CPE with DOCSIS uplink),InternetGatewayDevice.X_0023C7_DOCSIS.UpstreamChannel.{i}.Status.TxPower,Device.DOCSIS.UpstreamChannel.{i}.Status.TxPower,Recommended,"This attribute represents the operational CM transmit power for this SC-QAM upstream channel, in TenthdBmV. ",CEM,"DMC - VDM_HFC, Monitoring - HFC"
WAN - HFC (only for CPE with DOCSIS uplink),,,Recommended,,Monitoring - HFC,
WAN - HFC (only for CPE with DOCSIS uplink),InternetGatewayDevice.X_0023C7_DOCSIS.DownstreamChannel.{i}.Annex,Device.DOCSIS.DownstreamChannel.{i}.Annex,Optional,The value of this object indicates the conformance of the implementation to important regional cable standards.,DMC - VDM_HFC,Monitoring - HFC
WAN - HFC (only for CPE with DOCSIS uplink),InternetGatewayDevice.X_0023C7_DOCSIS.DownstreamChannel.{i}.Width,Device.DOCSIS.DownstreamChannel.{i}.Width,Mandatory,The bandwidth in Hz of this downstream channel.,DMC - VDM_HFC,Monitoring - HFC
WAN - HFC (only for CPE with DOCSIS uplink),InternetGatewayDevice.X_0023C7_DOCSIS.DownstreamChannel.{i}.ID,Device.DOCSIS.DownstreamChannel.{i}.ID,Optional,The Cable Modem Termination System identification of the downstream channel within this particular MAC interface.,DMC - VDM_HFC,Monitoring - HFC
WAN - HFC (only for CPE with DOCSIS uplink),InternetGatewayDevice.X_0023C7_DOCSIS.DownstreamChannel.{i}.Frequency,Device.DOCSIS.DownstreamChannel.{i}.Frequency,Recommended,The center of the downstream frequency associated with this channel.,CEM,"DMC - VDM_HFC, Monitoring - HFC"
WAN - HFC (only for CPE with DOCSIS uplink),InternetGatewayDevice.X_0023C7_DOCSIS.DownstreamChannel.{i}.Interleave,Device.DOCSIS.DownstreamChannel.{i}.Interleave,Optional,The Forward Error Correction (FEC) interleaving used for this downstream channel.,DMC - VDM_HFC,Monitoring - HFC
WAN - HFC (only for CPE with DOCSIS uplink),InternetGatewayDevice.X_0023C7_DOCSIS.DownstreamChannel.{i}.SignalQuality.Microreflections,Device.DOCSIS.DownstreamChannel.{i}.SignalQuality.Microreflections,Recommended,"Microreflections, including in-channel response as perceived on this interface, measured in -dBc (i.e., dBc below the signal level). ",DMC - VDM_HFC,Monitoring - HFC
WAN - HFC (only for CPE with DOCSIS uplink),InternetGatewayDevice.X_0023C7_DOCSIS.DownstreamChannel.{i}.Modulation,Device.DOCSIS.DownstreamChannel.{i}.Modulation,Mandatory,The modulation type associated with this downstream channel.,DMC - VDM_HFC,Monitoring - HFC
WAN - HFC (only for CPE with DOCSIS uplink),InternetGatewayDevice.X_0023C7_DOCSIS.DownstreamChannel.{i}.Power,Device.DOCSIS.DownstreamChannel.{i}.Power,Mandatory,"The received power level. If the interface is down, this object either returns the configured value (from the CMTS), the most current value (from the CM) or the value of 0.",CEM,"DMC - VDM_HFC, Monitoring - HFC"
WAN - HFC (only for CPE with DOCSIS uplink),InternetGatewayDevice.X_0023C7_DOCSIS.DownstreamChannel.{i}.SignalQuality.SignalNoise,Device.DOCSIS.DownstreamChannel.{i}.SignalQuality.SignalNoise,Mandatory,Signal/Noise ratio as perceived for this channel.,CEM HealthScore - Access Network Technology (HFC),
WAN - HFC (only for CPE with DOCSIS uplink),InternetGatewayDevice.X_0023C7_DOCSIS.DownstreamChannel.{i}.SignalQuality.ExtUnerroreds,Device.DOCSIS.DownstreamChannel.{i}.SignalQuality.ExtUnerroreds,Mandatory,Codewords received on this channel without error. ,DMC - VDM_HFC,Monitoring - HFC
WAN - HFC (only for CPE with DOCSIS uplink),InternetGatewayDevice.X_0023C7_DOCSIS.DownstreamChannel.{i}.SignalQuality.ExtCorrecteds,Device.DOCSIS.DownstreamChannel.{i}.SignalQuality.ExtCorrecteds,Mandatory,Codewords received on this channel with correctable errors.,DMC - VDM_HFC,Monitoring - HFC
WAN - HFC (only for CPE with DOCSIS uplink),InternetGatewayDevice.X_0023C7_DOCSIS.DownstreamChannel.{i}.SignalQuality.ExtUncorrectables,Device.DOCSIS.DownstreamChannel.{i}.SignalQuality.ExtUncorrectables,Mandatory,Codewords received on this channel with uncorrectable errors. ,DMC - VDM_HFC,Monitoring - HFC
WAN - HFC (only for CPE with DOCSIS uplink),-,-,Virtual,Relative number of uncorected words to all other. ,DMC - VDM_HFC,
WAN - HFC (only for CPE with DOCSIS uplink),InternetGatewayDevice.X_0023C7_DOCSIS.UpstreamChannel.{i}.Width,Device.DOCSIS.UpstreamChannel.{i}.Width,Mandatory,The bandwidth in Hz of this upstream interface.,DMC - VDM_HFC,Monitoring - HFC
WAN - HFC (only for CPE with DOCSIS uplink),InternetGatewayDevice.X_0023C7_DOCSIS.UpstreamChannel.{i}.ID,Device.DOCSIS.UpstreamChannel.{i}.ID,Optional,The CMTS identification of the upstream channel.,DMC - VDM_HFC,Monitoring - HFC
WAN - HFC (only for CPE with DOCSIS uplink),InternetGatewayDevice.X_0023C7_DOCSIS.UpstreamChannel.{i}.Frequency,Device.DOCSIS.UpstreamChannel.{i}.Frequency,Recommended,The center of the frequency band associated with this upstream interface. ,CEM,"DMC - VDM_HFC, Monitoring - HFC"
WAN - HFC (only for CPE with DOCSIS uplink),InternetGatewayDevice.X_0023C7_DOCSIS.UpstreamChannel.{i}.Status.ModulationType,Device.DOCSIS.UpstreamChannel.{i}.Status.ModulationType,Mandatory,This attribute indicates modulation type status currently used by the CM for this upstream channel. ,DMC - VDM_HFC,
WAN - HFC (only for CPE with DOCSIS uplink),InternetGatewayDevice.X_0023C7_DOCSIS.UpstreamChannel.{i}.Status.TxPower,Device.DOCSIS.UpstreamChannel.{i}.Status.TxPower,Recommended,"This attribute represents the operational CM transmit power for this SC-QAM upstream channel, in dBmV. ",CEM,"DMC - VDM_HFC, Monitoring - HFC"
WAN - HFC (only for CPE with DOCSIS uplink),,,Recommended,,Monitoring - HFC,
WAN - HFC (only for CPE with DOCSIS uplink),,,Recommended,,Monitoring - HFC,
WAN - HFC (only for CPE with DOCSIS uplink),InternetGatewayDevice.X_0023C7_DOCSIS.Interface.{i}.UpstreamChannel.Status.RangingAborteds,Device.DOCSIS.Interface.{i}.UpstreamChannel.Status.RangingAborteds,Optional,This attribute denotes the number of times the ranging process was aborted by the CMTS. ,DMC - VDM_HFC,Monitoring - HFC
WAN - HFC (only for CPE with DOCSIS uplink),InternetGatewayDevice.X_0023C7_DOCSIS.Interface.{i}.ConnectivityStatus.InvalidMaps,Device.DOCSIS.Interface.{i}.ConnectivityStatus.InvalidMaps,Recommended,This attribute denotes the number of times the CM received invalid MAP messages.,CEM,"DMC - VDM_HFC, Monitoring - HFC"
WAN - HFC (only for CPE with DOCSIS uplink),InternetGatewayDevice.X_0023C7_DOCSIS.Interface.{i}.ConnectivityStatus.InvalidRangingRsps,Device.DOCSIS.Interface.{i}.ConnectivityStatus.InvalidRangingRsps,Optional,This attribute denotes the number of times the CM received invalid ranging response messages. ,CEM,DMC - VDM_HFC
WAN - HFC (only for CPE with DOCSIS uplink),InternetGatewayDevice.X_0023C7_DOCSIS.Interface.{i}.ConnectivityStatus.InvalidRegRsps,Device.DOCSIS.Interface.{i}.ConnectivityStatus.InvalidRegRsps,Optional,This attribute denotes the number of times the CM received invalid registration response messages.,CEM,"DMC - VDM_HFC, Monitoring - HFC"
WAN - HFC (only for CPE with DOCSIS uplink),InternetGatewayDevice.X_0023C7_DOCSIS.Interface.{i}.ConnectivityStatus.InvalidUcds,Device.DOCSIS.Interface.{i}.ConnectivityStatus.InvalidUcds,Recommended,This attribute denotes the number of times the CM received invalid UCD messages.,CEM,"DMC - VDM_HFC, Monitoring - HFC"
WAN - HFC (only for CPE with DOCSIS uplink),InternetGatewayDevice.X_0023C7_DOCSIS.Interface.{i}.ConnectivityStatus.LostSyncs,Device.DOCSIS.Interface.{i}.ConnectivityStatus.LostSyncs,Recommended,This attribute denotes the number of times the CM lost synchronization with the downstream channel. ,CEM,"DMC - VDM_HFC, Monitoring - HFC"
WAN - HFC (only for CPE with DOCSIS uplink),InternetGatewayDevice.X_0023C7_DOCSIS.Interface.{i}.ConnectivityStatus.Resets,Device.DOCSIS.Interface.{i}.ConnectivityStatus.Resets,Optional,This attribute denotes the number of times the CM reset or initialized this interface. ,DMC,"DMC - VDM_HFC, Monitoring - HFC"
WAN - HFC (only for CPE with DOCSIS uplink),InternetGatewayDevice.X_0023C7_DOCSIS.Interface.{i}.ConnectivityStatus.T1Timeouts,Device.DOCSIS.Interface.{i}.ConnectivityStatus.T1Timeouts,Optional,This attribute denotes the number of times counter T1 expired in the CM,DMC,"DMC - VDM_HFC, Monitoring - HFC"
WAN - HFC (only for CPE with DOCSIS uplink),InternetGatewayDevice.X_0023C7_DOCSIS.Interface.{i}.ConnectivityStatus.T2Timeouts,Device.DOCSIS.Interface.{i}.ConnectivityStatus.T2Timeouts,Optional,This attribute denotes the number of times counter T2 expired in the CM.,DMC,"DMC - VDM_HFC, Monitoring - HFC"
WAN - HFC (only for CPE with DOCSIS uplink),InternetGatewayDevice.X_0023C7_DOCSIS.Interface.{i}.UpstreamChannel.Status.T3Timeouts,Device.DOCSIS.Interface.{i}.UpstreamChannel.Status.T3Timeouts,Optional,This attribute denotes the number of times counter T3 expired in the CM for this upstream channel.,DMC,"DMC - VDM_HFC, Monitoring - HFC"
WAN - HFC (only for CPE with DOCSIS uplink),InternetGatewayDevice.X_0023C7_DOCSIS.Interface.{i}.UpstreamChannel.Status.T4Timeouts,Device.DOCSIS.Interface.{i}.UpstreamChannel.Status.T4Timeouts,Optional,This attribute denotes the number of times counter T4 expired in the CM for this upstream channel. ,DMC,"DMC - VDM_HFC, Monitoring - HFC"
WAN - LTE (only for CPEs with LTE uplink),InternetGatewayDevice.X_0023C7_Cellular.Interface.{i}.CellID,Device.Cellular.Interface.{i}.X_0023C7_CellID,Recommended,Cell ID,Monitoring - BTS,DMC - VDM_LTE
WAN - LTE (only for CPEs with LTE uplink),InternetGatewayDevice.X_0023C7_Cellular.Interface.{i}.CINR,Device.Cellular.Interface.{i}.X_0023C7_CINR,Recommended,Carrier-to-noise ratio 0,CEM,DMC - VDM_LTE
WAN - LTE (only for CPEs with LTE uplink),InternetGatewayDevice.X_0023C7_Cellular.Interface.{i}.CINR,Device.Cellular.Interface.{i}.X_0023C7_CINR,Recommended,Carrier-to-noise ratio 1,CEM,DMC - VDM_LTE
WAN - LTE (only for CPEs with LTE uplink),InternetGatewayDevice.X_0023C7_Cellular.Interface.{i}.LastChange,Device.Cellular.Interface.{i}.LastChange,Optional,The accumulated time in seconds since the interface entered its current operational state,CEM,
WAN - LTE (only for CPEs with LTE uplink),InternetGatewayDevice.X_0023C7_Cellular.Interface.{i}.DLFrequency,Device.Cellular.Interface.{i}.X_0023C7_DLFrequency,Recommended,Downlink frequency,CEM,DMC - VDM_LTE
WAN - LTE (only for CPEs with LTE uplink),InternetGatewayDevice.X_0023C7_Cellular.Interface.{i}.Enable,Device.Cellular.Interface.{i}.Enable,Optional,Enables or disables the interface,CEM,
WAN - LTE (only for CPEs with LTE uplink),InternetGatewayDevice.X_0023C7_Cellular.Interface.{i}.USIM.IMSI,Device.Cellular.Interface.{i}.USIM.IMSI,Optional,International Mobile Subscriber Identity number,CEM,
WAN - LTE (only for CPEs with LTE uplink),InternetGatewayDevice.X_0023C7_Cellular.Interface.{i}.PCI,Device.Cellular.Interface.{i}.X_0023C7_PCI,Recommended,Physical Cell ID,CEM,DMC - VDM_LTE
WAN - LTE (only for CPEs with LTE uplink),InternetGatewayDevice.X_0023C7_Cellular.Interface.{i}.PLMN,Device.Cellular.Interface.{i}.X_0023C7_PLMN,Optional,Public land mobile network code,CEM,
WAN - LTE (only for CPEs with LTE uplink),InternetGatewayDevice.X_0023C7_Cellular.Interface.{i}.Power,Device.Cellular.Interface.{i}.X_0023C7_Power,Optional,Power,CEM,
WAN - LTE (only for CPEs with LTE uplink),InternetGatewayDevice.X_0023C7_Cellular.Interface.{i}.RSRP,Device.Cellular.Interface.{i}.X_0023C7_RSRP,Recommended,Reference Signal Received Power 0,Monitoring - BTS,DMC - VDM_LTE
WAN - LTE (only for CPEs with LTE uplink),InternetGatewayDevice.X_0023C7_Cellular.Interface.{i}.RSRP,Device.Cellular.Interface.{i}.X_0023C7_RSRP,Recommended,Reference Signal Received Power 1,CEM,DMC - VDM_LTE
WAN - LTE (only for CPEs with LTE uplink),InternetGatewayDevice.X_0023C7_Cellular.Interface.{i}.RSRQ,Device.Cellular.Interface.{i}.X_0023C7_RSRQ,Recommended,Reference Signal Received Quality,Monitoring - BTS,DMC - VDM_LTE
WAN - LTE (only for CPEs with LTE uplink),InternetGatewayDevice.X_0023C7_Cellular.Interface.{i}.RSSI,Device.Cellular.Interface.{i}.RSSI,Optional,Received signal strength indication,Monitoring - BTS,
WAN - LTE (only for CPEs with LTE uplink),InternetGatewayDevice.X_0023C7_Cellular.Interface.{i}.SINR,Device.Cellular.Interface.{i}.X_0023C7_SINR,Optional,Signal-to-interference-plus-noise ratio,Monitoring - BTS,
WAN - LTE (only for CPEs with LTE uplink),InternetGatewayDevice.X_0023C7_Cellular.Interface.{i}.Status,Device.Cellular.Interface.{i}.Status,Optional,The current operational state of the interface,CEM,
WAN - LTE (only for CPEs with LTE uplink),InternetGatewayDevice.X_0023C7_Cellular.Interface.{i}.ULFrequency,Device.Cellular.Interface.{i}.X_0023C7_ULFrequency,Recommended,Uplink frequency,CEM,DMC - VDM_LTE
WAN - LTE (only for CPEs with LTE uplink),InternetGatewayDevice.X_0023C7_Cellular.RoamingStatus,Device.Cellular.RoamingStatus,Optional, Current roaming status,CEM,
WAN - LTE (only for CPEs with LTE uplink),InternetGatewayDevice.X_0023C7_Cellular.RoamingEnabled,Device.Cellular.RoamingEnabled,Optional,Enables or disables roaming,CEM,
WAN - LTE (only for CPEs with LTE uplink),InternetGatewayDevice.X_0023C7_Cellular.Interface.{i}.Stats.BytesReceived,Device.Cellular.Interface.{i}.Stats.BytesReceived,Optional,"The total number of bytes received on the interface, including framing characters",CEM,
WAN - LTE (only for CPEs with LTE uplink),InternetGatewayDevice.X_0023C7_Cellular.Interface.{i}.Stats.ErrorsReceived,Device.Cellular.Interface.{i}.Stats.ErrorsReceived,Optional,The total number of inbound packets that contained errors preventing them from being delivered to a higher-layer protocol,CEM,
WAN - LTE (only for CPEs with LTE uplink),InternetGatewayDevice.X_0023C7_Cellular.Interface.{i}.Stats.PacketsReceived,Device.Cellular.Interface.{i}.Stats.PacketsReceived,Optional,The total number of packets received on the interface,CEM,
WAN - LTE (only for CPEs with LTE uplink),InternetGatewayDevice.X_0023C7_Cellular.Interface.{i}.DownstreamMaxBitRate,Device.Cellular.Interface.{i}.DownstreamMaxBitRate,Optional,The current maximum attainable data rate downstream,CEM,
WAN - LTE (only for CPEs with LTE uplink),InternetGatewayDevice.X_0023C7_Cellular.Interface.{i}.Stats.BytesSent,Device.Cellular.Interface.{i}.Stats.BytesSent,Optional,"The total number of bytes transmitted out of the interface, including framing characters",CEM,
WAN - LTE (only for CPEs with LTE uplink),InternetGatewayDevice.X_0023C7_Cellular.Interface.{i}.Stats.PacketsSent,Device.Cellular.Interface.{i}.Stats.ErrorsSent,Optional,The total number of outbound packets that could not be transmitted because of errors,CEM,
WAN - LTE (only for CPEs with LTE uplink),InternetGatewayDevice.X_0023C7_Cellular.Interface.{i}.Stats.PacketsSent,Device.Cellular.Interface.{i}.Stats.PacketsSent,Optional,The total number of packets transmitted out of the interface,CEM,
WAN - LTE (only for CPEs with LTE uplink),InternetGatewayDevice.X_0023C7_Cellular.Interface.{i}.UpstreamMaxBitRate,Device.Cellular.Interface.{i}.UpstreamMaxBitRate,Optional,The current maximum attainable data rate upstream,CEM,
WAN - 5G (only for CPEs with 5G uplink),InternetGatewayDevice.X_0023C7_Cellular.Interface.{i}.Enable,Device.Cellular.Interface.{i}.Enable,Recommended,Enables or disables the interface,CEM,
WAN - 5G (only for CPEs with 5G uplink),InternetGatewayDevice.X_0023C7_Cellular.Interface.{i}.Status,Device.Cellular.Interface.{i}.Status,Recommended,The current operational state of the interface,CEM,
WAN - 5G (only for CPEs with 5G uplink),InternetGatewayDevice.X_0023C7_Cellular.Interface.{i}.IMEI,Device.Cellular.Interface.{i}.IMEI,Recommended,International Mobile Station Equipment Identity number,CEM,
WAN - 5G (only for CPEs with 5G uplink),InternetGatewayDevice.X_0023C7_Cellular.Interface.{i}.USIM.IMSI,Device.Cellular.Interface.{i}.USIM.IMSI,Recommended,International Mobile Subscriber Identity number,CEM,
WAN - 5G (only for CPEs with 5G uplink),InternetGatewayDevice.X_0023C7_Cellular.Interface.{i}.LastChange,Device.Cellular.Interface.{i}.LastChange,Recommended,The accumulated time in seconds since the interface entered its current operational state,CEM,
WAN - 5G (only for CPEs with 5G uplink),InternetGatewayDevice.X_0023C7_Cellular.Interface.{i}.Band,Device.Cellular.Interface.{i}.X_0023C7_Band,Recommended,Frequency band,CEM,
WAN - 5G (only for CPEs with 5G uplink),InternetGatewayDevice.X_0023C7_Cellular.Interface.{i}.CellID,Device.Cellular.Interface.{i}.X_0023C7_CellID,Recommended,Cell ID,CEM,
WAN - 5G (only for CPEs with 5G uplink),InternetGatewayDevice.X_0023C7_Cellular.Interface.{i}.RSRP,Device.Cellular.Interface.{i}.X_0023C7_RSRP,Recommended,Reference Signal Received Power,CEM,
WAN - 5G (only for CPEs with 5G uplink),InternetGatewayDevice.X_0023C7_Cellular.Interface.{i}.RSRQ,Device.Cellular.Interface.{i}.X_0023C7_RSRQ,Recommended,Reference Signal Received Quality,CEM,
WAN - 5G (only for CPEs with 5G uplink),InternetGatewayDevice.X_0023C7_Cellular.Interface.{i}.RSSI,Device.Cellular.Interface.{i}.RSSI,Recommended,Received signal strength indication,CEM,
WAN - 5G (only for CPEs with 5G uplink),InternetGatewayDevice.X_0023C7_Cellular.Interface.{i}.SINR,Device.Cellular.Interface.{i}.X_0023C7_SINR,Recommended,Signal-to-interference-plus-noise ratio,CEM,
WAN - 5G (only for CPEs with 5G uplink),InternetGatewayDevice.X_0023C7_Cellular.Interface.{i}.SNR,Device.Cellular.Interface.{i}.X_0023C7_SNR,Recommended,Signal-to-noise ratio,CEM,
WAN - 5G (only for CPEs with 5G uplink),InternetGatewayDevice.X_0023C7_Cellular.Interface.{i}.PCI,Device.Cellular.Interface.{i}.X_0023C7_PCI,Recommended,Physical Cell ID,CEM,
WAN - 5G (only for CPEs with 5G uplink),InternetGatewayDevice.X_0023C7_Cellular.RoamingStatus,Device.Cellular.RoamingStatus,Recommended,Current roaming status,CEM,
WAN - 5G (only for CPEs with 5G uplink),InternetGatewayDevice.X_0023C7_Cellular.RoamingEnabled,Device.Cellular.RoamingEnabled,Recommended,Enables or disables roaming,CEM,
WAN - 5G (only for CPEs with 5G uplink),InternetGatewayDevice.X_0023C7_Cellular.Interface.{i}.Stats.BytesReceived,Device.Cellular.Interface.{i}.Stats.BytesReceived,Recommended,"The total number of bytes received on the interface, including framing characters",CEM,
WAN - 5G (only for CPEs with 5G uplink),InternetGatewayDevice.X_0023C7_Cellular.Interface.{i}.Stats.PacketsReceived,Device.Cellular.Interface.{i}.Stats.PacketsReceived,Recommended,The total number of packets received on the interface,CEM,
WAN - 5G (only for CPEs with 5G uplink),InternetGatewayDevice.X_0023C7_Cellular.Interface.{i}.DownstreamMaxBitRate,Device.Cellular.Interface.{i}.DownstreamMaxBitRate,Recommended,The current maximum attainable data rate downstream,CEM,
WAN - 5G (only for CPEs with 5G uplink),InternetGatewayDevice.X_0023C7_Cellular.Interface.{i}.Stats.ErrorsReceived,Device.Cellular.Interface.{i}.Stats.ErrorsReceived,Recommended,The total number of inbound packets that contained errors preventing them from being delivered to a higher-layer protocol,CEM,
WAN - 5G (only for CPEs with 5G uplink),InternetGatewayDevice.X_0023C7_Cellular.Interface.{i}.Stats.BytesSent,Device.Cellular.Interface.{i}.Stats.BytesSent,Recommended,"The total number of bytes transmitted out of the interface, including framing characters",CEM,
WAN - 5G (only for CPEs with 5G uplink),InternetGatewayDevice.X_0023C7_Cellular.Interface.{i}.Stats.PacketsSent,Device.Cellular.Interface.{i}.Stats.PacketsSent,Recommended,The total number of packets transmitted out of the interface,CEM,
WAN - 5G (only for CPEs with 5G uplink),InternetGatewayDevice.X_0023C7_Cellular.Interface.{i}.UpstreamMaxBitRate,Device.Cellular.Interface.{i}.UpstreamMaxBitRate,Recommended,The current maximum attainable data rate upstream,CEM,
WAN - 5G (only for CPEs with 5G uplink),InternetGatewayDevice.X_0023C7_Cellular.Interface.{i}.Stats.ErrorsSent,Device.Cellular.Interface.{i}.Stats.ErrorsSent,Recommended,The total number of outbound packets that could not be transmitted because of errors,CEM,
WAN - 5G/LTE (only for CPEs with 5G or LTE uplink),InternetGatewayDevice.X_0023C7_Cellular.Interface.{i}.CurrentAccessTechnology,Device.Cellular.Interface.{i}.CurrentAccessTechnology,Recommended,Access technology that is currently in use,CEM,
WAN - 5G/LTE (only for CPEs with 5G or LTE uplink),InternetGatewayDevice.X_0023C7_Cellular.AccessPoint.{i}.Enable,Device.Cellular.AccessPoint.{i}.Enable,Recommended,Enables or disables the Access Point,CEM,
WAN - 5G/LTE (only for CPEs with 5G or LTE uplink),InternetGatewayDevice.X_0023C7_Cellular.AccessPoint.{i}.APN,Device.Cellular.AccessPoint.{i}.APN,Recommended,Access Point Name,CEM,
WAN - 5G/LTE (only for CPEs with 5G or LTE uplink),InternetGatewayDevice.X_0023C7_Cellular.AccessPoint.{i}.Password,Device.Cellular.AccessPoint.{i}.Password,Recommended,Password used to authenticate the CPE when making a connection to the Access Point,CEM,
WAN - 5G/LTE (only for CPEs with 5G or LTE uplink),InternetGatewayDevice.X_0023C7_Cellular.AccessPoint.{i}.Username,Device.Cellular.AccessPoint.{i}.Username,Recommended,Username used to authenticate the CPE when making a connection to the Access Point,CEM,
[Deprecated] WAN - WiMAX (only for CPE with WiMAX uplink),InternetGatewayDevice.X_0023C7_WiMAX.BSID,Device.X_0023C7_WiMAX.BSID,Deprecated,[Deprecated] ,Generic,
[Deprecated] WAN - WiMAX (only for CPE with WiMAX uplink),InternetGatewayDevice.X_0023C7_WiMAX.CellID,Device.X_0023C7_WiMAX.CellID,Deprecated,[Deprecated] ,Monitoring - WiMAX,
[Deprecated] WAN - WiMAX (only for CPE with WiMAX uplink),InternetGatewayDevice.X_0023C7_WiMAX.Bandwidth,Device.X_0023C7_WiMAX.Bandwidth,Deprecated,[Deprecated] ,Generic,
[Deprecated] WAN - WiMAX (only for CPE with WiMAX uplink),InternetGatewayDevice.X_0023C7_WiMAX.ConnectionFrequency,Device.X_0023C7_WiMAX.ConnectionFrequency,Deprecated,[Deprecated] ,Generic,
[Deprecated] WAN - WiMAX (only for CPE with WiMAX uplink),InternetGatewayDevice.X_0023C7_WiMAX.ConnectionStatus,Device.X_0023C7_WiMAX.ConnectionStatus,Deprecated,[Deprecated] ,Generic,
[Deprecated] WAN - WiMAX (only for CPE with WiMAX uplink),InternetGatewayDevice.X_0023C7_WiMAX.Power,Device.X_0023C7_WiMAX.TXPower,Deprecated,[Deprecated] ,Monitoring - WiMAX,
[Deprecated] WAN - WiMAX (only for CPE with WiMAX uplink),InternetGatewayDevice.X_0023C7_WiMAX.RSSI,Device.X_0023C7_WiMAX.RSSI,Deprecated,[Deprecated] ,Generic,
[Deprecated] WAN - WiMAX (only for CPE with WiMAX uplink),InternetGatewayDevice.X_0023C7_WiMAX.PCI,Device.X_0023C7_WiMAX.PCI,Deprecated,[Deprecated] ,Monitoring - WiMAX,
[Deprecated] WAN - WiMAX (only for CPE with WiMAX uplink),InternetGatewayDevice.X_0023C7_WiMAX.RSRP0,Device.X_0023C7_WiMAX.RSRP0,Deprecated,[Deprecated] ,Monitoring - WiMAX,
[Deprecated] WAN - WiMAX (only for CPE with WiMAX uplink),InternetGatewayDevice.X_0023C7_WiMAX.RSRP1,Device.X_0023C7_WiMAX.RSRP1,Deprecated,[Deprecated] ,Monitoring - WiMAX,
[Deprecated] WAN - WiMAX (only for CPE with WiMAX uplink),InternetGatewayDevice.X_0023C7_WiMAX.RSRQ,Device.X_0023C7_WiMAX.RSRQ,Deprecated,[Deprecated] ,Monitoring - WiMAX,
[Deprecated] WAN - WiMAX (only for CPE with WiMAX uplink),InternetGatewayDevice.X_0023C7_WiMAX.SignalStrength,Device.X_0023C7_WiMAX.SignalStrength,Deprecated,[Deprecated] ,Generic,
[Deprecated] WAN - WiMAX (only for CPE with WiMAX uplink),InternetGatewayDevice.X_0023C7_WiMAX.CINR1,Device.X_0023C7_WiMAX.CINR1,Deprecated,[Deprecated] ,Monitoring - WiMAX,
[Deprecated] WAN - WiMAX (only for CPE with WiMAX uplink),InternetGatewayDevice.X_0023C7_WiMAX.CINR3,Device.X_0023C7_WiMAX.CINR3,Deprecated,[Deprecated] ,Generic,
[Deprecated] WAN - WiMAX (only for CPE with WiMAX uplink),InternetGatewayDevice.X_0023C7_WiMAX.LinkQualityReuse1,Device.X_0023C7_WiMAX.LinkQualityReuse1,Deprecated,[Deprecated] ,Generic,
[Deprecated] WAN - WiMAX (only for CPE with WiMAX uplink),InternetGatewayDevice.X_0023C7_WiMAX.LinkQualityReuse3,Device.X_0023C7_WiMAX.LinkQualityReuse3,Deprecated,[Deprecated] ,Generic,
[Deprecated] WAN - WiMAX (only for CPE with WiMAX uplink),InternetGatewayDevice.X_0023C7_WiMAX.ChannelPlan.{i}.Bandwidth,Device.X_0023C7_WiMAX.ChannelPlan.{i}.Bandwidth,Deprecated,[Deprecated] ,Generic,
[Deprecated] WAN - WiMAX (only for CPE with WiMAX uplink),InternetGatewayDevice.X_0023C7_WiMAX.ChannelPlan.{i}.FirstFrequency,Device.X_0023C7_WiMAX.ChannelPlan.{i}.FirstFrequency,Deprecated,[Deprecated] ,Generic,
[Deprecated] WAN - WiMAX (only for CPE with WiMAX uplink),InternetGatewayDevice.X_0023C7_WiMAX.ChannelPlan.{i}.Identifier,Device.X_0023C7_WiMAX.ChannelPlan.{i}.Identifier,Deprecated,[Deprecated] ,Generic,
[Deprecated] WAN - WiMAX (only for CPE with WiMAX uplink),InternetGatewayDevice.X_0023C7_WiMAX.ChannelPlan.{i}.LastFrequency,Device.X_0023C7_WiMAX.ChannelPlan.{i}.LastFrequency,Deprecated,[Deprecated] ,Generic,
[Deprecated] WAN - WiMAX (only for CPE with WiMAX uplink),InternetGatewayDevice.X_0023C7_WiMAX.ChannelPlan.{i}.Step,Device.X_0023C7_WiMAX.ChannelPlan.{i}.Step,Deprecated,[Deprecated] ,Generic,
[Deprecated] WAN - WiMAX (only for CPE with WiMAX uplink),InternetGatewayDevice.X_0023C7_WiMAX.EAPSharedSecret,Device.X_0023C7_WiMAX.EAPSharedSecret,Deprecated,[Deprecated] ,Generic,
[Deprecated] WAN - WiMAX (only for CPE with WiMAX uplink),InternetGatewayDevice.X_0023C7_WiMAX.EAPType,Device.X_0023C7_WiMAX.EAPType,Deprecated,[Deprecated] ,Generic,
[Deprecated] WAN - WiMAX (only for CPE with WiMAX uplink),InternetGatewayDevice.X_0023C7_WiMAX.EAPUsername,Device.X_0023C7_WiMAX.EAPUsername,Deprecated,[Deprecated] ,Generic,
[Deprecated] WAN - WiMAX (only for CPE with WiMAX uplink),InternetGatewayDevice.X_0023C7_WiMAX.EAPRealm,Device.X_0023C7_WiMAX.EAPRealm,Deprecated,[Deprecated] ,Generic,
[Deprecated] WAN - WiMAX (only for CPE with WiMAX uplink),InternetGatewayDevice.X_0023C7_WiMAX.ULModulation,Device.X_0023C7_WiMAX.ULModulation,Deprecated,[Deprecated] ,Generic,
[Deprecated] WAN - WiMAX (only for CPE with WiMAX uplink),InternetGatewayDevice.X_0023C7_WiMAX.ULFrequencyion,Device.X_0023C7_WiMAX.ULFrequency,Deprecated,[Deprecated] ,Monitoring - WiMAX,
[Deprecated] WAN - WiMAX (only for CPE with WiMAX uplink),InternetGatewayDevice.X_0023C7_WiMAX.ULTotalEthernetPackets,Device.X_0023C7_WiMAX.ULTotalEthernetPackets,Deprecated,[Deprecated] ,Generic,
[Deprecated] WAN - WiMAX (only for CPE with WiMAX uplink),InternetGatewayDevice.X_0023C7_WiMAX.ULTotalPackets,Device.X_0023C7_WiMAX.ULTotalPackets,Deprecated,[Deprecated] ,Generic,
[Deprecated] WAN - WiMAX (only for CPE with WiMAX uplink),InternetGatewayDevice.X_0023C7_WiMAX.UploadDataRate,Device.X_0023C7_WiMAX.UploadDataRate,Deprecated,[Deprecated] ,Generic,
[Deprecated] WAN - WiMAX (only for CPE with WiMAX uplink),InternetGatewayDevice.X_0023C7_WiMAX.DLModulation,Device.X_0023C7_WiMAX.DLModulation,Deprecated,[Deprecated] ,Generic,
[Deprecated] WAN - WiMAX (only for CPE with WiMAX uplink),InternetGatewayDevice.X_0023C7_WiMAX.DLFrequencyion,Device.X_0023C7_WiMAX.DLFrequency,Deprecated,[Deprecated] ,Monitoring - WiMAX,
[Deprecated] WAN - WiMAX (only for CPE with WiMAX uplink),InternetGatewayDevice.X_0023C7_WiMAX.DLTotalEthernetPackets,Device.X_0023C7_WiMAX.DLTotalEthernetPackets,Deprecated,[Deprecated] ,Generic,
[Deprecated] WAN - WiMAX (only for CPE with WiMAX uplink),InternetGatewayDevice.X_0023C7_WiMAX.DLTotalPackets,Device.X_0023C7_WiMAX.DLTotalPackets,Deprecated,[Deprecated] ,Generic,
[Deprecated] WAN - WiMAX (only for CPE with WiMAX uplink),InternetGatewayDevice.X_0023C7_WiMAX.DownloadDataRate,Device.X_0023C7_WiMAX.DownloadDataRate,Deprecated,[Deprecated] ,Generic,
WAN - PPP (only for CPE with PPP),InternetGatewayDevice.WANDevice.{i}.WANConnectionDevice.{i}.WANPPPConnection.{i}.Enable,Device.PPP.Interface.{i}.Enable,Recommended,Enables or disables the connection instance,DMC,DMC - VDM_PPP
WAN - PPP (only for CPE with PPP),InternetGatewayDevice.WANDevice.{i}.WANConnectionDevice.{i}.WANPPPConnection.{i}.Password,Device.PPP.Interface.{i}.Password,Mandatory,Password to be usef for authentication.,CC - SupportStatusMainPanel,DMC - VDM_PPP
WAN - PPP (only for CPE with PPP),InternetGatewayDevice.WANDevice.{i}.WANConnectionDevice.{i}.WANPPPConnection.{i}.ConnectionStatus,Device.PPP.Interface.{i}.ConnectionStatus,Recommended,Current status of the connection,DMC,DMC - VDM_PPP
WAN - PPP (only for CPE with PPP),InternetGatewayDevice.WANDevice.{i}.WANConnectionDevice.{i}.WANPPPConnection.{i}.Username,Device.PPP.Interface.{i}.Username,Mandatory,Username to be used for authentication,CC - SupportStatusMainPanel,"DMC - VDM_PPP, Monitoring - DSL"
WAN - PPP (only for CPE with PPP),InternetGatewayDevice.WANDevice.{i}.WANConnectionDevice.{i}.WANPPPConnection.{i}.Stats.EthernetBytesReceived,Device.PPP.Interface.{i}.X_0023C7_BytesReceived,Optional,"The total number of bytes received on the interface, including framing characters",Generic,
WAN - PPP (only for CPE with PPP),InternetGatewayDevice.WANDevice.{i}.WANConnectionDevice.{i}.WANPPPConnection.{i}.Stats.EthernetPacketsReceived,Device.PPP.Interface.{i}.X_0023C7_PacketsReceived,Optional,The total number of packets received on the interface,Generic,
WAN - PPP (only for CPE with PPP),InternetGatewayDevice.WANDevice.{i}.WANConnectionDevice.{i}.WANPPPConnection.{i}.Stats.EthernetBytesSent,Device.PPP.Interface.{i}.X_0023C7_BytesSent,Optional,"The total number of bytes transmitted out of the interface, including framing characters",Generic,
WAN - PPP (only for CPE with PPP),InternetGatewayDevice.WANDevice.{i}.WANConnectionDevice.{i}.WANPPPConnection.{i}.Stats.EthernetPacketsSent,Device.PPP.Interface.{i}.X_0023C7_PacketsSent,Optional,The total number of packets transmitted out of the interface,Generic,
Wi-Fi - MAC Address Control,InternetGatewayDevice.LANDevice.{i}.LANHostConfigManagement.AllowedMACAddresses,Device.WiFi.AccessPoint.{i}.AllowedMACAddress,Recommended,Comma-separated list of MAC Addresses. Hardware addresses of client devices that are allowed to associate with this if MACAddressControl.Enable is true. ,CEM,DMC - VDM_WiFi
Wi-Fi - MAC Address Control,InternetGatewayDevice.LANDevice.{i}.WLANConfiguration.{i}.MACAddressControlEnabled,Device.WiFi.AccessPoint.{i}.MACAddressControlEnabled,Optional,Indicates whether or not MAC Address Control is enabled on this . MAC Address Control limits client devices to those whose hardware addresses match the AccessList list. ,CEM,DMC - VDM_WiFi
Wi-Fi,-,Device.WiFi.AccessPoint.{i}.SSIDReference,Mandatory,Required for proper WiFi service discovery on TR-181 by SVManagerWiFi,System Task - SVManagerWiFi,
Wi-Fi,-,Device.WiFi.SSID.{i}.LowerLayers,Mandatory,Required for proper WiFi service discovery on TR-181 by SVManagerWiFi,System Task - SVManagerWiFi,
Wi-Fi,InternetGatewayDevice.LANDevice.{i}.WLANConfiguration.{i}.AutoChannelEnable,Device.WiFi.Radio.{i}.AutoChannelEnable,Mandatory,Enable or disable automatic channel selection,CEM Task - cemWiFi,"CC - SupportStatusMainPanel, CC - SupportWifiMainPanel, DMC - VDM_WiFi"
Wi-Fi,InternetGatewayDevice.LANDevice.{i}.WLANConfiguration.{i}.X_0023C7_AutoChannelRefreshPeriod,Device.WiFi.Radio.{i}.AutoChannelRefreshPeriod,Recommended,The time period in seconds between two consecutive automatic channel selections. ,Generic,
"Wi-Fi, Wi-Fi - Neighborhood",InternetGatewayDevice.LANDevice.{i}.WLANConfiguration.{i}.X_0023C7_Band,Device.WiFi.Radio.{i}.OperatingFrequencyBand,Recommended,Indicates the frequency band at which the radio is operating,CEM,"CEM - Network Map, CC - SupportStatusMainPanel, CC - SupportWifiMainPanel, CC - SupportWifiScanMainPanel, DMC - VDM_KnownDevices"
Wi-Fi,InternetGatewayDevice.LANDevice.{i}.WLANConfiguration.{i}.BasicDataTransmitRates,Device.WiFi.Radio.{i}.BasicDataTransmitRates,Optional,"Comma-separated list of strings. The set of data rates, in Mbps, that have to be supported by all stations that desire to join this BSS. ",Generic,
"Wi-Fi, Wi-Fi - Neighborhood",InternetGatewayDevice.LANDevice.{i}.WLANConfiguration.{i}.BSSID,Device.WiFi.SSID.{i}.BSSID,Mandatory,The Basic Service Set ID,Monitoring - SmartWiFi,"CEM - Network Map, CC - SupportStatusMainPanel, CC - SupportWifiScanMainPanel, DMC - VDM_WiFi"
"Wi-Fi, Wi-Fi - Neighborhood",InternetGatewayDevice.LANDevice.{i}.WLANConfiguration.{i}.Channel,Device.WiFi.Radio.{i}.Channel,Mandatory,The current radio channel used by the connection,Monitoring - SmartWiFi,"CEM - Network Map, CC - SupportStatusMainPanel, CC - SupportWifiMainPanel, CC - SupportWifiScanMainPanel, DMC - VDM_KnownDevices, DMC - VDM_WiFi"
Wi-Fi,InternetGatewayDevice.LANDevice.{i}.WLANConfiguration.{i}.X_0023C7_ChannelBandwidth,Device.WiFi.Radio.{i}.OperatingChannelBandwidth    ,Optional,The preferred channel bandwidth to be used,DMC,DMC - VDM_KnownDevices
Wi-Fi,InternetGatewayDevice.LANDevice.{i}.WLANConfiguration.{i}.ChannelsInUse,Device.WiFi.Radio.{i}.ChannelsInUse,Optional,Comma-separated list (maximum number of characters 1024) of strings. List items represent channels that the radio determines to be currently in use (including any that it is using itself).,Generic,
Wi-Fi,InternetGatewayDevice.LANDevice.{i}.WLANConfiguration.{i}.X_0023C7_DFSEnable,Device.WiFi.Radio.{i}.X_0023C7_DFSEnable,Deprecated,Indicates if Dynamic Frequency Selection (DFS) is enabled or disabled.,CC - SupportStatusMainPanel,CC - SupportWifiMainPanel
"Wi-Fi, Wi-Fi - Neighborhood",InternetGatewayDevice.LANDevice.{i}.WLANConfiguration.{i}.Enable,"Device.WiFi.Radio.{i}.Enable
Device.WiFi.SSID.{i}.Enable
Device.WiFi.AccessPoint.{i}.Enable",Mandatory,"Enables or disables the SSID entry, the radio and the access point",CEM Task - cemWiFi,"CC - SupportStatusMainPanel, CC - SupportWifiMainPanel, CC - SupportWifiScanMainPanel, DMC - VDM_WiFi, Monitoring - LAN, Monitoring - WiFi security"
Wi-Fi,InternetGatewayDevice.LANDevice.{i}.WLANConfiguration.{i}.X_0023C7_ExtensionChannel,Device.WiFi.Radio.{i}.ExtensionChannel,Optional,"The secondary extension channel position (applicable to the 802.11n specification only), applicable when operating in wide channel mode (i.e. when OperatingChannelBandwidth is set to 40MHz or Auto).",Generic,
Wi-Fi,InternetGatewayDevice.LANDevice.{i}.WLANConfiguration.{i}.Channel,Device.WiFi.Radio.{i}.Channel     ,Optional,Current radio frequency (deduced form Channel),Generic,
Wi-Fi,InternetGatewayDevice.LANDevice.{i}.WLANConfiguration.{i}.SSIDAdvertisementEnabled,Device.WiFi.AccessPoint.{i}.SSIDAdvertisementEnabled,Recommended,Indicates whether or not beacons include the SSID name,CEM,"CC - SupportStatusMainPanel, CC - SupportWifiMainPanel"
Wi-Fi,InternetGatewayDevice.LANDevice.{i}.WLANConfiguration.{i}.X_0023C7_LastChange,Device.WiFi.Radio.{i}.LastChange,Optional,The accumulated time in seconds since the radio entered its current operational state.,Generic,
Wi-Fi,InternetGatewayDevice.LANDevice.{i}.WLANConfiguration.{i}.MaxBitRate,Device.WiFi.Radio.{i}.MaxBitRate,Optional,The maximum PHY bit rate supported by this interface,Generic,
Wi-Fi,InternetGatewayDevice.LANDevice.{i}.WLANConfiguration.{i}.X_0023C7_Noise,Device.WiFi.Radio.{i}.Stats.Noise,Mandatory,"An indicator of average noise strength received at this radio, measured in dBm. This measurement of non-IEEE 802.11 noise power is made by sampling the channel when virtual carrier sense indicates idle and this radio is neither transmitting nor receiving a frame.",CEM HealthScore - Wi-Fi,"CEM Task - cemWiFi, DMC - VDM_KnownDevices"
Wi-Fi,InternetGatewayDevice.LANDevice.{i}.WLANConfiguration.{i}.OperationalDataTransmitRates,Device.WiFi.Radio.{i}.OperationalDataTransmitRates,Recommended,Comma-separated list of strings. Data transmit rates in Mbps for unicast frames at which the radio will permit operation with any associated station (a subset of SupportedDataTransmitRates).,CEM Task - cemWiFi,
Wi-Fi,"InternetGatewayDevice.LANDevice.{i}.WLANConfiguration.{i}.KeyPassphrase
InternetGatewayDevice.LANDevice.{i}.WLANConfiguration.{i}.PreSharedKey.{i}.KeyPassphrase",Device.WiFi.AccessPoint.{i}.Security.KeyPassphrase,Mandatory,A passphrase from which the PreSharedKey is to be generated,CEM,"CC - SupportStatusMainPanel, CC - SupportWifiMainPanel, DMC - VDM_WiFi"
"Wi-Fi, Wi-Fi - Neighborhood",InternetGatewayDevice.LANDevice.{i}.WLANConfiguration.{i}.PossibleChannels,Device.WiFi.Radio.{i}.PossibleChannels     ,Recommended,"List items represent possible radio channels for the wireless standard (a, b, g, n, ac, ax) and the regulatory domain",CEM,"CC - SupportStatusMainPanel, CC - SupportWifiMainPanel, CC - SupportWifiScanMainPanel"
Wi-Fi,-,Device.WiFi.AccessPoint.{i}.Security.ModesSupported,Optional,Indicates which security modes this AccessPoint instance is capable of supporting,Generic,
Wi-Fi,InternetGatewayDevice.LANDevice.{i}.WLANConfiguration.{i}.TransmitPower,Device.WiFi.Radio.{i}.TransmitPower,Recommended,Indicates the current transmit power level as a percentage of full power,CEM,"CC - SupportStatusMainPanel, CC - SupportWifiMainPanel, DMC - VDM_WiFi"
Wi-Fi,InternetGatewayDevice.LANDevice.{i}.WLANConfiguration.{i}.RegulatoryDomain,Device.WiFi.Radio.{i}.RegulatoryDomain,Optional,The 802.11d Regulatory Domain,CEM,DMC - VDM_WiFi
"Wi-Fi, Wi-Fi - Neighborhood",-,-,Virtual,,Monitoring - SmartWiFi,CC - SupportWifiScanMainPanel
Wi-Fi,"InternetGatewayDevice.LANDevice.{i}.WLANConfiguration.{i}.BeaconType
InternetGatewayDevice.LANDevice.{i}.WLANConfiguration.{i}.BasicEncryptionModes
InternetGatewayDevice.LANDevice.{i}.WLANConfiguration.{i}.BasicAuthenticationMode
InternetGatewayDevice.LANDevice.{i}.WLANConfiguration.{i}.WPAEncryptionModes
InternetGatewayDevice.LANDevice.{i}.WLANConfiguration.{i}.WPAAuthenticationMode
InternetGatewayDevice.LANDevice.{i}.WLANConfiguration.{i}.IEEE11iEncryptionModes
InternetGatewayDevice.LANDevice.{i}.WLANConfiguration.{i}.IEEE11iAuthenticationMode",Device.WiFi.AccessPoint.{i}.Security.ModeEnabled,Mandatory,Indicates which security mode is enabled,CEM Task - cemWiFi,"CC - SupportStatusMainPanel, CC - SupportWifiMainPanel, DMC - VDM_WiFi, Monitoring - LAN, Monitoring - WiFi security"
"Wi-Fi, Wi-Fi - Neighborhood",InternetGatewayDevice.LANDevice.{i}.WLANConfiguration.{i}.SSID,Device.WiFi.SSID.{i}.SSID,Mandatory,The current service set identifier in use by the connection,CEM Task - cemWiFi,"CEM - Network Map, CC - SupportStatusMainPanel, CC - SupportWifiMainPanel, CC - SupportWifiScanMainPanel, DMC - VDM_KnownDevices, DMC - VDM_WiFi, Monitoring - LAN"
"Wi-Fi, Wi-Fi - Neighborhood",InternetGatewayDevice.LANDevice.{i}.WLANConfiguration.{i}.X_0023C7_OperatingStandard,Device.WiFi.Radio.{i}.OperatingStandards,Recommended,List items indicate which IEEE 802.11 standard this Radio instance is configured for,CEM,"CC - SupportWifiMainPanel, CC - SupportWifiScanMainPanel, DMC - VDM_KnownDevices, DMC - VDM_WiFi"
Wi-Fi,InternetGatewayDevice.LANDevice.{i}.WLANConfiguration.{i}.Status,Device.WiFi.AccessPoint.{i}.Status,Mandatory,The current operational state of the SSID entry,CEM Task - cemWiFi,"CC - SupportStatusMainPanel, CC - SupportWifiMainPanel, DMC - VDM_WiFi, Monitoring - LAN"
Wi-Fi,InternetGatewayDevice.LANDevice.{i}.WLANConfiguration.{i}.Standard,Device.WiFi.Radio.{i}.SupportedStandards,Recommended,List items indicate which IEEE 802.11 standards this Radio instance can support simultaneously,CC - SupportStatusMainPanel,CC - SupportWifiMainPanel
Wi-Fi,InternetGatewayDevice.LANDevice.{i}.WLANConfiguration.{i}.TotalAssociations,Device.WiFi.AccessPoint.{i}.AssociatedDeviceNumberOfEntries,Optional,The number of entries in the AssociatedDevice table,CEM,
Wi-Fi,InternetGatewayDevice.LANDevice.{i}.WLANConfiguration.{i}.TransmitPowerSupported,Device.WiFi.Radio.{i}.TransmitPowerSupported,Recommended,List items represent supported transmit power levels as percentage of full power,CC - SupportStatusMainPanel,CC - SupportWifiMainPanel
Wi-Fi,InternetGatewayDevice.LANDevice.{i}.WLANConfiguration.{i}.UAPSDEnable,Device.WiFi.AccessPoint.{i}.UAPSDEnable,Optional,"Whether U-APSD support is currently enabled. When enabled, this is indicated in beacon frames. Note: U-APSD can only be enabled if WMM is also enabled.",Generic,
Wi-Fi,InternetGatewayDevice.LANDevice.{i}.WLANConfiguration.{i}.WEPKey.{i}.WEPKey,Device.WiFi.AccessPoint.{i}.Security.WEPKey,Optional,A WEP key expressed as a hexadecimal string,Generic,
Wi-Fi,InternetGatewayDevice.LANDevice.{i}.WLANConfiguration.{i}.WMMEnable,Device.WiFi.AccessPoint.{i}.WMMEnable,Recommended,"Whether WMM support is currently enabled. When enabled, this is indicated in beacon frames",CEM,
Wi-Fi,InternetGatewayDevice.LANDevice.{i}.WLANConfiguration.{i}.TotalBytesReceived,Device.WiFi.SSID.{i}.Stats.BytesReceived,Mandatory,"The total number of bytes received on the interface, including framing characters",CEM HealthScore - Wi-Fi,"CEM Task - cemWiFi, CC - SupportStatusMainPanel, CC - SupportWifiMainPanel, DMC - VDM_WiFi"
Wi-Fi,InternetGatewayDevice.LANDevice.{i}.WLANConfiguration.{i}.Stats.ErrorsReceived,Device.WiFi.SSID.{i}.Stats.ErrorsReceived,Mandatory,The total number of inbound packets that contained errors preventing them from being delivered to a higher-layer protocol,CEM HealthScore - Wi-Fi,CEM Task - cemWiFi
Wi-Fi,InternetGatewayDevice.LANDevice.{i}.WLANConfiguration.{i}.TotalPacketsReceived,Device.WiFi.SSID.{i}.Stats.PacketsReceived,Recommended,The total number of packets received on the interface,CC - SupportStatusMainPanel,"CC - SupportWifiMainPanel, DMC - VDM_WiFi"
Wi-Fi,InternetGatewayDevice.LANDevice.{i}.WLANConfiguration.{i}.TotalBytesSent,Device.WiFi.SSID.{i}.Stats.BytesSent,Mandatory,"The total number of bytes transmitted out of the interface, including framing characters",CEM HealthScore - Wi-Fi,"CEM Task - cemWiFi, CC - SupportStatusMainPanel, CC - SupportWifiMainPanel, DMC - VDM_WiFi"
Wi-Fi,InternetGatewayDevice.LANDevice.{i}.WLANConfiguration.{i}.Stats.ErrorsSent,Device.WiFi.SSID.{i}.Stats.ErrorsSent,Mandatory,The total number of outbound packets that could not be transmitted because of errors,CEM HealthScore - Wi-Fi,CEM Task - cemWiFi
Wi-Fi,InternetGatewayDevice.LANDevice.{i}.WLANConfiguration.{i}.TotalPacketsSent,Device.WiFi.SSID.{i}.Stats.PacketsSent,Recommended,The total number of packets transmitted out of the interface,CC - SupportStatusMainPanel,"CC - SupportWifiMainPanel, DMC - VDM_WiFi"
Wi-Fi,InternetGatewayDevice.LANDevice.{i}.WLANConfiguration.{i}.WPS.ConfigMethodsEnabled,Device.WiFi.AccessPoint.{i}.WPS.ConfigMethodsEnabled,Optional,Each list item MUST be a member of the list reported by the ConfigMethodsSupported parameter,Generic,
Wi-Fi,InternetGatewayDevice.LANDevice.{i}.WLANConfiguration.{i}.WPS.ConfigMethodsSupported,Device.WiFi.AccessPoint.{i}.WPS.ConfigMethodsSupported,Optional,Comma-separated list of strings. WPS configuration methods supported by the device,Generic,
Wi-Fi,InternetGatewayDevice.LANDevice.{i}.WLANConfiguration.{i}.WPS.Enable,Device.WiFi.AccessPoint.{i}.WPS.Enable,Recommended,Enables or disables WPS functionality for this access point,CEM,DMC - VDM_WiFi
Wi-Fi,InternetGatewayDevice.LANDevice.{i}.WLANConfiguration.{i}.WPS.DevicePassword,Device.WiFi.AccessPoint.{i}.WPS.PIN,Optional,Represents the Device PIN used for PIN based pairing between WPS peers,Generic,DMC - VDM_WiFi
Wi-Fi,InternetGatewayDevice.LANDevice.{i}.WLANConfiguration.{i}.WPS.Enable,Device.WiFi.AccessPoint.{i}.WPS.Status,Recommended,Indicates the current status of WPS,CEM,DMC - VDM_WiFi
Wi-Fi - Associated Devices,InternetGatewayDevice.LANDevice.{i}.WLANConfiguration.{i}.AssociatedDevice.{i}.AssociatedDeviceAuthenticationState,Device.WiFi.AccessPoint.{i}.AssociatedDevice.{i}.Active,Mandatory,Whether or not this node is currently present in the WiFi AccessPoint network,CEM,"CEM - Network Map, CC - SupportWifiMainPanel, DMC - VDM_WiFi"
Wi-Fi - Associated Devices,InternetGatewayDevice.LANDevice.{i}.WLANConfiguration.{i}.AssociatedDevice.{i}.AssociatedDeviceAuthenticationState,Device.WiFi.AccessPoint.{i}.AssociatedDevice.{i}.AuthenticationState,Recommended,Whether an associated device has authenticated,CEM - Network Map,CC - SupportWifiMainPanel
Wi-Fi - Associated Devices,InternetGatewayDevice.LANDevice.{i}.WLANConfiguration.{i}.AssociatedDevice.{i}.X_0023C7_WirelessStationInfo.AverageSignalStrength,Device.WiFi.AccessPoint.{i}.AssociatedDevice.{i}.X_0023C7_AverageSignalStrength,Optional,"An indicator of radio signal strength of the uplink from the associated device to the access point, as an average of the last 100 packets received from the device",CEM - Network Map,CC - SupportWifiMainPanel
Wi-Fi - Associated Devices,InternetGatewayDevice.LANDevice.{i}.WLANConfiguration.{i}.AssociatedDevice.{i}.AssociatedDeviceIPAddress,Device.WiFi.AccessPoint.{i}.AssociatedDevice.{i}.X_0023C7_IPAddress,Recommended,The IP address or DNS name of an associated device,CEM - Network Map,"CC - SupportWifiMainPanel, DMC - VDM_WiFi"
Wi-Fi - Associated Devices,InternetGatewayDevice.LANDevice.{i}.WLANConfiguration.{i}.AssociatedDevice.{i}.AssociatedDeviceMACAddress,Device.WiFi.AccessPoint.{i}.AssociatedDevice.{i}.MACAddress,Mandatory,The MAC address of an associated device,CEM,"CEM - Network Map, CC - SupportWifiMainPanel, DMC - VDM_KnownDevices, DMC - VDM_WiFi"
Wi-Fi - Associated Devices,InternetGatewayDevice.LANDevice.{i}.WLANConfiguration.{i}.AssociatedDevice.{i}.X_0023C7_WirelessStationInfo.NoiseFloor,Device.WiFi.AccessPoint.{i}.AssociatedDevice.{i}.Noise,Recommended,"An indicator of radio noise on the uplink from the associated device to the access point, as an average of the last 100 packets received from the device",CEM,"CEM - Network Map, CC - SupportWifiMainPanel"
Wi-Fi - Associated Devices,InternetGatewayDevice.LANDevice.{i}.WLANConfiguration.{i}.AssociatedDevice.{i}.X_0023C7_WirelessStationInfo.SignalStrength,Device.WiFi.AccessPoint.{i}.AssociatedDevice.{i}.SignalStrength,Mandatory,"An indicator of radio signal strength of the uplink from the associated device to the access point, as an average of the last 100 packets received from the device",CEM HealthScore - Wi-Fi,"CEM - Network Map, CC - SupportWifiMainPanel, DMC - VDM_KnownDevices, DMC - VDM_WiFi"
Wi-Fi - Associated Devices,InternetGatewayDevice.LANDevice.{i}.WLANConfiguration.{i}.AssociatedDevice.{i}.X_0023C7_WirelessStationInfo.DownlinkBytes,Device.WiFi.AccessPoint.{i}.AssociatedDevice.{i}.Stats.BytesSent,Mandatory,"The total number of bytes received from the Associated Device, including framing characters",CEM HealthScore - Wi-Fi,"CEM - Network Map, CC - SupportWifiMainPanel, DMC - VDM_KnownDevices, DMC - VDM_WiFi"
Wi-Fi - Associated Devices,InternetGatewayDevice.LANDevice.{i}.WLANConfiguration.{i}.AssociatedDevice.{i}.X_0023C7_WirelessStationInfo.DownlinkErrors,Device.WiFi.AccessPoint.{i}.AssociatedDevice.{i}.Stats.ErrorsSent,Recommended,The total number of inbound packets that contained errors preventing them from being delivered to a higher-layer protocol,CEM,
Wi-Fi - Associated Devices,InternetGatewayDevice.LANDevice.{i}.WLANConfiguration.{i}.AssociatedDevice.{i}.X_0023C7_WirelessStationInfo.DownlinkFailures,Device.WiFi.AccessPoint.{i}.AssociatedDevice.{i}.Stats.FailedRetransCount,Recommended,The number of packets that were not transmitted successfully due to the number of retransmission attempts exceeding an 802.11 retry limit. ,CEM - Network Map,"CC - SupportWifiMainPanel, DMC - VDM_WiFi"
Wi-Fi - Associated Devices,InternetGatewayDevice.LANDevice.{i}.WLANConfiguration.{i}.AssociatedDevice.{i}.LastDataTransmitRate,Device.WiFi.AccessPoint.{i}.AssociatedDevice.{i}.LastDataDownlinkRate,Recommended,"The data transmit rate in Kbps that was most recently used for transmission from the access point to the associated device. In TR-098 value is in Mbps, therafore its mutiplicated by 1000 in default dialect.",CEM - Network Map,"CC - SupportWifiMainPanel, DMC - VDM_KnownDevices, DMC - VDM_WiFi"
Wi-Fi - Associated Devices,InternetGatewayDevice.LANDevice.{i}.WLANConfiguration.{i}.AssociatedDevice.{i}.X_0023C7_WirelessStationInfo.DownlinkPackets,Device.WiFi.AccessPoint.{i}.AssociatedDevice.{i}.Stats.PacketsSent,Recommended,The total number of packets received from the Associated Device.,CEM HealthScore - Wi-Fi,"CC - SupportWifiMainPanel, CEM - Network Map"
Wi-Fi - Associated Devices,InternetGatewayDevice.LANDevice.{i}.WLANConfiguration.{i}.AssociatedDevice.{i}.X_0023C7_WirelessStationInfo.DownlinkRetransmissions,Device.WiFi.AccessPoint.{i}.AssociatedDevice.{i}.Stats.RetransCount,Recommended,The total number of transmitted packets which were retransmissions,CEM - Network Map,CC - SupportWifiMainPanel
Wi-Fi - Associated Devices,InternetGatewayDevice.LANDevice.{i}.WLANConfiguration.{i}.AssociatedDevice.{i}.X_0023C7_WirelessStationInfo.UplinkBytes,Device.WiFi.AccessPoint.{i}.AssociatedDevice.{i}.Stats.BytesReceived,Mandatory,"The total number of bytes transmitted to the Associated Device, including framing characters",CEM HealthScore - Wi-Fi,"CEM - Network Map, CC - SupportWifiMainPanel, DMC - VDM_KnownDevices, DMC - VDM_WiFi"
Wi-Fi - Associated Devices,InternetGatewayDevice.LANDevice.{i}.WLANConfiguration.{i}.AssociatedDevice.{i}.X_0023C7_WirelessStationInfo.UplinkErrors,Device.WiFi.AccessPoint.{i}.AssociatedDevice.{i}.Stats.ErrorsReceived,Recommended,The total number of outbound packets that could not be transmitted because of errors,CEM,
Wi-Fi - Associated Devices,InternetGatewayDevice.LANDevice.{i}.WLANConfiguration.{i}.AssociatedDevice.{i}.LastDataTransmitRate,Device.WiFi.AccessPoint.{i}.AssociatedDevice.{i}.LastDataUplinkRate,Recommended,"The data transmit rate in Kbps that was most recently used for transmission from the associated device to the access point. In TR-098 value is in Mbps, therafore its mutiplicated by 1000 in default dialect.",CEM - Network Map,"CC - SupportWifiMainPanel, DMC - VDM_KnownDevices, DMC - VDM_WiFi"
Wi-Fi - Associated Devices,InternetGatewayDevice.LANDevice.{i}.WLANConfiguration.{i}.AssociatedDevice.{i}.X_0023C7_TotalPacketsSent,Device.WiFi.AccessPoint.{i}.AssociatedDevice.{i}.Stats.PacketsReceived,Recommended,The total number of packets transmitted to the Associated Device.,CEM HealthScore - Wi-Fi,"CC - SupportWifiMainPanel, CEM - Network Map"
Wi-Fi - Neighborhood,InternetGatewayDevice.X_0023C7_NeighboringWiFiDiagnostic.DiagnosticsState,Device.WiFi.NeighboringWiFiDiagnostic.DiagnosticsState,Recommended,Indicates the availability of diagnostics data,Monitoring - SmartWiFi,
Wi-Fi - Neighborhood,InternetGatewayDevice.X_0023C7_NeighboringWiFiDiagnostic.Result.{i}.OperatingFrequencyBand,Device.WiFi.NeighboringWiFiDiagnostic.Result.{i}.OperatingFrequencyBand,Recommended,Indicates the frequency band at which the radio this SSID instance is operating,Monitoring - SmartWiFi,
Wi-Fi - Neighborhood,InternetGatewayDevice.X_0023C7_NeighboringWiFiDiagnostic.Result.{i}.BSSID,Device.WiFi.NeighboringWiFiDiagnostic.Result.{i}.BSSID        ,Recommended,The BSSID used for the neighboring WiFi SSID,Monitoring - SmartWiFi,"CC - SupportWifiScanMainPanel, DMC - VDM_Neighborhood"
Wi-Fi - Neighborhood,InternetGatewayDevice.X_0023C7_NeighboringWiFiDiagnostic.Result.{i}.Channel,Device.WiFi.NeighboringWiFiDiagnostic.Result.{i}.Channel,Recommended,The current radio channel used by the neighboring WiFi radio,Monitoring - SmartWiFi,"CC - SupportWifiScanMainPanel, DMC - VDM_Neighborhood"
Wi-Fi - Neighborhood,InternetGatewayDevice.X_0023C7_NeighboringWiFiDiagnostic.Result.{i}.ChannelBandwidth,Device.WiFi.NeighboringWiFiDiagnostic.Result.{i}.OperatingChannelBandwidth,Recommended,Indicates the bandwidth at which the channel is operating,Monitoring - SmartWiFi,CC - SupportWifiScanMainPanel
Wi-Fi - Neighborhood,-,-,Virtual,"Frequency of neighboring WiFi, calculated from channel",Generic,
Wi-Fi - Neighborhood,-,-,Deprecated,Regulatory domain used by neighboring WiFi ,Monitoring - SmartWiFi,CC - SupportWifiScanMainPanel
Wi-Fi - Neighborhood,InternetGatewayDevice.X_0023C7_NeighboringWiFiDiagnostic.Result.{i}.Noise,Device.WiFi.NeighboringWiFiDiagnostic.Result.{i}.Noise,Optional,Indicator of average noise strength (in dBm) received from the neighboring WiFi radio,Monitoring - SmartWiFi,
Wi-Fi - Neighborhood,InternetGatewayDevice.X_0023C7_NeighboringWiFiDiagnostic.Result.{i}.SignalStrength,Device.WiFi.NeighboringWiFiDiagnostic.Result.{i}.SignalStrength,Recommended,An indicator of radio signal strength (RSSI) of the neighboring WiFi radio measured in dBm,Monitoring - SmartWiFi,"CC - SupportWifiScanMainPanel, DMC - VDM_Neighborhood"
Wi-Fi - Neighborhood,InternetGatewayDevice.X_0023C7_NeighboringWiFiDiagnostic.Result.{i}.SSID,Device.WiFi.NeighboringWiFiDiagnostic.Result.{i}.SSID,Recommended,The current service set identifier in use by the neighboring Wi-Fi SSID,Monitoring - SmartWiFi,"CC - SupportWifiScanMainPanel, DMC - VDM_Neighborhood"
Wi-Fi - Neighborhood,InternetGatewayDevice.X_0023C7_NeighboringWiFiDiagnostic.Result.{i}.OperatingStandards,Device.WiFi.NeighboringWiFiDiagnostic.Result.{i}.OperatingStandards,Recommended,List items indicate which IEEE 802.11 standard that is detected for this Result,Monitoring - SmartWiFi,"CC - SupportWifiScanMainPanel, DMC - VDM_Neighborhood"
Wi-Fi - Neighborhood,InternetGatewayDevice.X_0023C7_NeighboringWiFiDiagnostic.Result.{i}.SecurityModeEnabled,Device.WiFi.NeighboringWiFiDiagnostic.Result.{i}.SecurityModeEnabled,Optional,The type of encryption the neighboring Wi-Fi SSID advertises,Monitoring - SmartWiFi,CC - SupportWifiScanMainPanel
Wi-Fi - Neighborhood,-,-,Deprecated,Startup time of neighboring Wi-Fi,CC - SupportWifiScanMainPanel,
Wi-Fi - Neighborhood,-,-,Deprecated,Indicates if neighboring Wi-Fi supports WPS,CC - SupportWifiScanMainPanel,
Wi-Fi - Neighborhood,-,-,Deprecated,Suported methods of if neighboring Wi-Fi WPS,CC - SupportWifiScanMainPanel,
Wi-Fi - Neighborhood,-,-,Deprecated,Current state of neighboring Wi-Fi WPS,CC - SupportWifiScanMainPanel,
Wi-Fi - Mesh,InternetGatewayDevice.X_0023C7_WiFi.DataElements.Network.Device.{i}.ID,Device.WiFi.DataElements.Network.Device.{i}.ID,Mandatory,A unique identifier for this particular device within the Wi-Fi network,CEM Task - cemDeliveredMeshes,
Wi-Fi - Mesh,InternetGatewayDevice.X_0023C7_WiFi.DataElements.Network.Device.{i}.SoftwareVersion,Device.WiFi.DataElements.Network.Device.{i}.SoftwareVersion,Optional,A string identifying the software version currently installed in the Access Point device,CEM,
Wi-Fi - Mesh,InternetGatewayDevice.X_0023C7_WiFi.DataElements.Network.Device.{i}.ID,Device.WiFi.DataElements.Network.Device.{i}.ID,Optional,Organizationally unique identifier of the Access Point device manufacturer,System - Identification,
Wi-Fi - Mesh,InternetGatewayDevice.X_0023C7_WiFi.DataElements.Network.Device.{i}.SerialNumber,Device.WiFi.DataElements.Network.Device.{i}.SerialNumber,Recommended,Identifier of the particular Access Point device that is unique for the indicated model and manufacturer,CEM,
Wi-Fi - Mesh,InternetGatewayDevice.X_0023C7_WiFi.DataElements.Network.Device.{i}.Manufacturer,Device.WiFi.DataElements.Network.Device.{i}.Manufacturer,Optional,Identifier of the manufacturer of the device,System - Identification,
Wi-Fi - Mesh,InternetGatewayDevice.X_0023C7_WiFi.DataElements.Network.Device.{i}.MultiAPDevice.Backhaul.BackhaulMACAddress,Device.WiFi.DataElements.Network.Device.{i}.BackhaulMACAddress,Mandatory,The MAC Address at the far end of the backhaul link of the interface on the network that is providing a backhaul for this Access Point Device. ,CEM - Network Map,
Wi-Fi - Mesh,InternetGatewayDevice.X_0023C7_WiFi.DataElements.Network.Device.{i}.MultiAPDevice.Backhaul.LinkType,Device.WiFi.DataElements.Network.Device.{i}.BackhaulMediaType,Mandatory,The medium being used to backhaul this Access Point Device to the Backhaul Access Point Device,CEM - Network Map,
Wi-Fi - Mesh,InternetGatewayDevice.X_0023C7_WiFi.DataElements.Network.Device.{i}.MultiAPDevice.Backhaul.Stats.SignalStrength,Device.WiFi.DataElements.Network.Device.{i}.MultiAPDevice.Backhaul.Stats.SignalStrength,Mandatory,An indicator of radio signal strength of the backhaul link of the Access Point (AP) to the Multi-AP Controller,CEM - Network Map,
Wi-Fi - Mesh,InternetGatewayDevice.X_0023C7_WiFi.DataElements.Network.Device.{i}.MultiAPDevice.Backhaul.Stats.LastDataDownlinkRate,Device.WiFi.DataElements.Network.Device.{i}.MultiAPDevice.Backhaul.Stats.LastDataDownlinkRate,Recommended,The data transmit rate in Kbps that was most recently used for transmission of data from the access point to the associated device,CEM,
Wi-Fi - Mesh,InternetGatewayDevice.X_0023C7_WiFi.DataElements.Network.Device.{i}.MultiAPDevice.Backhaul.Stats.LastDataUplinkRate,Device.WiFi.DataElements.Network.Device.{i}.MultiAPDevice.Backhaul.Stats.LastDataUplinkRate,Recommended,The data transmit rate in Kbps that was most recently used for transmission of data from the associated device to the access point,CEM,
Wi-Fi - Mesh,InternetGatewayDevice.X_0023C7_WiFi.DataElements.Network.Device.{i}.MultiAPDevice.Backhaul.Stats.LinkUtilization,Device.WiFi.DataElements.Network.Device.{i}.MultiAPDevice.Backhaul.Stats.LinkUtilization,Recommended,Current utilization of the medium being used to backhaul this Access Point device to the Multi-AP Controller,CEM,
Wi-Fi - Mesh,InternetGatewayDevice.X_0023C7_WiFi.DataElements.Network.Device.{i}.Radio.{i}.BackhaulSta.MACAddress,Device.WiFi.DataElements.Network.Device.{i}.Radio.{i}.BackhaulSta.MACAddress,Mandatory,A unique identifier for this particular Radio within the identified Access Point,CEM - Network Map,
Wi-Fi - Mesh,InternetGatewayDevice.X_0023C7_WiFi.DataElements.Network.SSID.{i}.Band,Device.WiFi.DataElements.Network.Device.{i}.Radio.{i}.CurrentOperatingClassProfile.{i}.Class,Mandatory,Indicates the frequency band at which the radio is operating,CEM - Network Map,
Wi-Fi - Mesh,InternetGatewayDevice.X_0023C7_WiFi.DataElements.Network.SSID.{i}.Standard,Device.WiFi.DataElements.Network.Device.{i}.Radio.{i}.X_0023C7_OperatingStandards,Recommended,List items indicate which IEEE 802.11 standard this Radio instance is configured for,CEM,
Wi-Fi - Mesh,InternetGatewayDevice.X_0023C7_WiFi.DataElements.Network.Device.{i}.Radio.{i}.CurrentOperatingClassProfile.{i}.Channel,Device.WiFi.DataElements.Network.Device.{i}.Radio.{i}.CurrentOperatingClassProfile.{i}.Channel,Mandatory,The current radio channel used by the connection,CEM - Network Map,
Wi-Fi - Mesh,InternetGatewayDevice.X_0023C7_WiFi.DataElements.Network.Device.{i}.Radio.{i}.CurrentOperatingClassProfile.{i}.Class,Device.WiFi.DataElements.Network.Device.{i}.Radio.{i}.CurrentOperatingClassProfile.{i}.Class,Recommended,The channel bandwidth currently in use,CEM,
Wi-Fi - Mesh,InternetGatewayDevice.X_0023C7_WiFi.DataElements.Network.Device.{i}.Radio.{i}.CurrentOperatingClassProfile.{i}.TxPower,Device.WiFi.DataElements.Network.Device.{i}.Radio.{i}.CurrentOperatingClassProfile.{i}.TxPower,Mandatory,Nominal Transmit Power EIRP that this radio is currently using for the current Channel in the Opeating Class,CEM - Network Map,
Wi-Fi - Mesh,InternetGatewayDevice.X_0023C7_WiFi.DataElements.Network.Device.{i}.Radio.{i}.Noise,Device.WiFi.DataElements.Network.Device.{i}.Radio.{i}.Noise,Mandatory,An indicator of the average radio noise plus interference power measured for the primary operating channel,CEM - Network Map,
Wi-Fi - Mesh,InternetGatewayDevice.X_0023C7_WiFi.DataElements.Network.Device.{i}.Radio.{i}.Utilization,Device.WiFi.DataElements.Network.Device.{i}.Radio.{i}.Utilization,Recommended,"The percentage of time that the Access Point device sensed the medium was busy, as indicated by either the physical or virtual carier sense (CS) mechanism",CEM,
Wi-Fi - Mesh,InternetGatewayDevice.X_0023C7_WiFi.DataElements.Network.Device.{i}.Radio.{i}.BSS.{i}.SSID,Device.WiFi.DataElements.Network.Device.{i}.Radio.{i}.BSS.{i}.SSID,Mandatory,The SSID in use for this BSS,CEM - Network Map,
Wi-Fi - Mesh,InternetGatewayDevice.X_0023C7_WiFi.DataElements.Network.Device.{i}.Radio.{i}.BSS.{i}.BSSID,Device.WiFi.DataElements.Network.Device.{i}.Radio.{i}.BSS.{i}.BSSID,Recommended,The MAC Address of the logical BSS,Monitoring,
Wi-Fi - Mesh,InternetGatewayDevice.X_0023C7_WiFi.DataElements.Network.Device.{i}.Radio.{i}.BSS.{i}.STA.{i}.Active,Device.WiFi.DataElements.Network.Device.{i}.Radio.{i}.BSS.{i}.STA.{i}.LastConnectTime,Mandatory,If the STA was active (in last 15 min),CEM - Network Map,
Wi-Fi - Mesh,InternetGatewayDevice.X_0023C7_WiFi.DataElements.Network.Device.{i}.Radio.{i}.BSS.{i}.STA.{i}.AssociationTime,Device.WiFi.DataElements.Network.Device.{i}.Radio.{i}.BSS.{i}.STA.{i}.LastConnectTime,Optional,The time in seconds since this Assocated Device (STA) was associated.,Generic,
Wi-Fi - Mesh,InternetGatewayDevice.X_0023C7_WiFi.DataElements.Network.Device.{i}.Radio.{i}.BSS.{i}.STA.{i}.MACAddress,Device.WiFi.DataElements.Network.Device.{i}.Radio.{i}.BSS.{i}.STA.{i}.MACAddress,Mandatory,The MAC address of an associated device,CEM - Network Map,
Wi-Fi - Mesh,InternetGatewayDevice.X_0023C7_WiFi.DataElements.Network.Device.{i}.Radio.{i}.BSS.{i}.STA.{i}.SignalStrength,Device.WiFi.DataElements.Network.Device.{i}.Radio.{i}.BSS.{i}.STA.{i}.SignalStrength,Mandatory,An indicator of radio signal strength of the uplink from the associated STA to the access point,CEM - Network Map,
Wi-Fi - Mesh,InternetGatewayDevice.X_0023C7_WiFi.DataElements.Network.Device.{i}.Radio.{i}.BSS.{i}.STA.{i}.MultiAPSTA.Noise,Device.WiFi.DataElements.Network.Device.{i}.Radio.{i}.Noise,Recommended,An indicator of the average radio noise plus interference power measured on the uplink from the STA to AP,CEM - Network Map,
Wi-Fi - Mesh,InternetGatewayDevice.X_0023C7_WiFi.DataElements.Network.Device.{i}.Radio.{i}.BSS.{i}.STA.{i}.BytesReceived,Device.WiFi.DataElements.Network.Device.{i}.Radio.{i}.BSS.{i}.STA.{i}.BytesReceived,Mandatory,The total number of bytes received from the Associated Device,CEM - Network Map,
Wi-Fi - Mesh,InternetGatewayDevice.X_0023C7_WiFi.DataElements.Network.Device.{i}.Radio.{i}.BSS.{i}.STA.{i}.PacketsReceived,Device.WiFi.DataElements.Network.Device.{i}.Radio.{i}.BSS.{i}.STA.{i}.PacketsReceived,Optional,The total number of packets received from the Associated Device,Monitoring,
Wi-Fi - Mesh,InternetGatewayDevice.X_0023C7_WiFi.DataElements.Network.Device.{i}.Radio.{i}.BSS.{i}.STA.{i}.ErrorsReceived,Device.WiFi.DataElements.Network.Device.{i}.Radio.{i}.BSS.{i}.STA.{i}.ErrorsReceived,Recommended,The total number of inbound packets that contained errors preventing them from being delivered to a higher-layer protocol,Monitoring,
Wi-Fi - Mesh,InternetGatewayDevice.X_0023C7_WiFi.DataElements.Network.Device.{i}.Radio.{i}.BSS.{i}.STA.{i}.LastDataDownlinkRate,Device.WiFi.DataElements.Network.Device.{i}.Radio.{i}.BSS.{i}.STA.{i}.LastDataDownlinkRate,Recommended,The data transmit rate in Kbps that was most recently used for transmission of data from the access point to the associated device,CEM,
Wi-Fi - Mesh,InternetGatewayDevice.X_0023C7_WiFi.DataElements.Network.Device.{i}.Radio.{i}.BSS.{i}.STA.{i}.RetransCount,Device.WiFi.DataElements.Network.Device.{i}.Radio.{i}.BSS.{i}.STA.{i}.RetransCount,Recommended,The total number of transmitted packets which were retransmissions,CEM,
Wi-Fi - Mesh,InternetGatewayDevice.X_0023C7_WiFi.DataElements.Network.Device.{i}.Radio.{i}.BSS.{i}.STA.{i}.BytesSent,Device.WiFi.DataElements.Network.Device.{i}.Radio.{i}.BSS.{i}.STA.{i}.BytesSent,Mandatory,The total number of bytes transmitted to the Associated Device,CEM - Network Map,
Wi-Fi - Mesh,InternetGatewayDevice.X_0023C7_WiFi.DataElements.Network.Device.{i}.Radio.{i}.BSS.{i}.STA.{i}.PacketsSent,Device.WiFi.DataElements.Network.Device.{i}.Radio.{i}.BSS.{i}.STA.{i}.PacketsSent,Recommended,The total number of packets transmitted to the Associated Device,Monitoring,
Wi-Fi - Mesh,InternetGatewayDevice.X_0023C7_WiFi.DataElements.Network.Device.{i}.Radio.{i}.BSS.{i}.STA.{i}.ErrorsSent,Device.WiFi.DataElements.Network.Device.{i}.Radio.{i}.BSS.{i}.STA.{i}.ErrorsSent,Optional,The total number of outbound packets that could not be transmitted because of errors,Monitoring,
Wi-Fi - Mesh,InternetGatewayDevice.X_0023C7_WiFi.DataElements.Network.Device.{i}.Radio.{i}.BSS.{i}.STA.{i}.LastDataUplinkRate,Device.WiFi.DataElements.Network.Device.{i}.Radio.{i}.BSS.{i}.STA.{i}.LastDataUplinkRate,Recommended,The data transmit rate in Kbps that was most recently used for transmission of data from the associated device to the access point,CEM,
Wi-Fi - Mesh,InternetGatewayDevice.X_0023C7_WiFi.DataElements.Network.Device.{i}.MultiAPDevice.Backhaul.Stats.BytesReceived,Device.WiFi.DataElements.Network.Device.{i}.MultiAPDevice.Backhaul.Stats.BytesReceived,Mandatory,The total number of bytes received across the backhaul medium,CEM - Network Map,
Wi-Fi - Mesh,InternetGatewayDevice.X_0023C7_WiFi.DataElements.Network.Device.{i}.MultiAPDevice.Backhaul.Stats.PacketsReceived,Device.WiFi.DataElements.Network.Device.{i}.MultiAPDevice.Backhaul.Stats.PacketsReceived,Recommended,The total number of packets received across the backhaul medium,CEM,
Wi-Fi - Mesh,InternetGatewayDevice.X_0023C7_WiFi.DataElements.Network.Device.{i}.MultiAPDevice.Backhaul.Stats.ErrorsReceived,Device.WiFi.DataElements.Network.Device.{i}.MultiAPDevice.Backhaul.Stats.ErrorsReceived,Recommended,The total number of inbound packets that contained errors preventing them from being delivered to a higher-layer protocol,CEM,
Wi-Fi - Mesh,InternetGatewayDevice.X_0023C7_WiFi.DataElements.Network.Device.{i}.MultiAPDevice.Backhaul.Stats.BytesSent,Device.WiFi.DataElements.Network.Device.{i}.MultiAPDevice.Backhaul.Stats.BytesSent,Mandatory,The total number of bytes transmitted across the backhaul medium,CEM - Network Map,
Wi-Fi - Mesh,InternetGatewayDevice.X_0023C7_WiFi.DataElements.Network.Device.{i}.MultiAPDevice.Backhaul.Stats.PacketsSent,Device.WiFi.DataElements.Network.Device.{i}.MultiAPDevice.Backhaul.Stats.PacketsSent,Recommended,The total number of packets transmitted across the backhaul medium,CEM,
Wi-Fi - Mesh,InternetGatewayDevice.X_0023C7_WiFi.DataElements.Network.Device.{i}.MultiAPDevice.Backhaul.Stats.ErrorsSent,Device.WiFi.DataElements.Network.Device.{i}.MultiAPDevice.Backhaul.Stats.ErrorsSent,Recommended,The total number of outbound packets that could not be transmitted because of errors,CEM,
Wi-Fi - ChannelWiFiDiagnostic,InternetGatewayDevice.X_CABLELABS_COM_ChannelWiFiDiagnostic.DiagnosticsState,Device.WiFi.X_CABLELABS_COM_ChannelWiFiDiagnostic.DiagnosticsState,Optional,Indicates the availability of diagnostics data,Generic,
Wi-Fi - ChannelWiFiDiagnostic,InternetGatewayDevice.X_CABLELABS_COM_ChannelWiFiDiagnostic.DiagnosticsState,Device.WiFi.X_CABLELABS_COM_ChannelWiFiDiagnostic.DiagnosticsState,Optional,Indicates the availability of diagnostics data,Generic,
Wi-Fi - ChannelWiFiDiagnostic,InternetGatewayDevice.X_CABLELABS_COM_ChannelWiFiDiagnostic.LastRunTimestamp,Device.WiFi.X_CABLELABS_COM_ChannelWiFiDiagnostic.LastRunTimestamp,Optional,Timestamp of the last diagnostic run,Generic,
Wi-Fi - ChannelWiFiDiagnostic,InternetGatewayDevice.X_CABLELABS_COM_ChannelWiFiDiagnosticResult.{i}.AvailableCapacity,Device.WiFi.X_CABLELABS_COM_ChannelWiFiDiagnosticResult.{i}.AvailableCapacity,Recommended,Percentage of total channel bandwidth available for use.,CC - SupportWifiScanMainPanel,
Wi-Fi - ChannelWiFiDiagnostic,InternetGatewayDevice.X_CABLELABS_COM_ChannelWiFiDiagnosticResult.{i}.Bandwidth,Device.WiFi.X_CABLELABS_COM_ChannelWiFiDiagnosticResult.{i}.Bandwidth,Optional,Indicates the bandwidth at which the channel is operating.,Generic,
Wi-Fi - ChannelWiFiDiagnostic,InternetGatewayDevice.X_CABLELABS_COM_ChannelWiFiDiagnosticResult.{i}.Channel,Device.WiFi.X_CABLELABS_COM_ChannelWiFiDiagnosticResult.{i}.Channel,Recommended,Channel number for which the current row's statistics refers.,CC - SupportWifiScanMainPanel,
Wi-Fi - ChannelWiFiDiagnostic,InternetGatewayDevice.X_CABLELABS_COM_ChannelWiFiDiagnosticResult.{i}.FrequencyBand,Device.WiFi.X_CABLELABS_COM_ChannelWiFiDiagnosticResult.{i}.FrequencyBand,Optional,Indicates the frequency band at which the radio this SSID instance is operating.,Generic,
Wi-Fi - ChannelWiFiDiagnostic,InternetGatewayDevice.X_CABLELABS_COM_ChannelWiFiDiagnosticResult.{i}.NonWiFiInterference,Device.WiFi.X_CABLELABS_COM_ChannelWiFiDiagnosticResult.{i}.NonWiFiInterference,Optional,Percentage of total channel bandwidth occupied by non-Wi-Fi interface.,Generic,
Wi-Fi - ChannelWiFiDiagnostic,InternetGatewayDevice.X_CABLELABS_COM_ChannelWiFiDiagnosticResult.{i}.NonWiFiInterferenceClassification,Device.WiFi.X_CABLELABS_COM_ChannelWiFiDiagnosticResult.{i}.NonWiFiInterferenceClassification,Optional,"Comma-separated list of strings. Each list item is an enumeration of: {Microwave, Bluetooth, Radar, Zigbee, etc}",Generic,
W-Fi - Radius,InternetGatewayDevice.LANDevice.{i}.WLANConfiguration.{i}.X_0023C7_Radius.Port,Device.WiFi.AccessPoint.{i}.Security.RadiusServerPort,Optional,The port number of the RADIUS server used for WLAN security,Generic,
W-Fi - Radius,InternetGatewayDevice.LANDevice.{i}.WLANConfiguration.{i}.X_0023C7_Radius.Server,Device.WiFi.AccessPoint.{i}.Security.RadiusServerIPAddr,Optional,The IP Address of the RADIUS server used for WLAN security,Generic,
W-Fi - Radius,InternetGatewayDevice.LANDevice.{i}.WLANConfiguration.{i}.X_0023C7_Radius.Secret,Device.WiFi.AccessPoint.{i}.Security.RadiusSecret,Optional,The secret used for handshaking with the RADIUS server,Generic,
Wi-Fi - Events,InternetGatewayDevice.X_0023C7_WiFi.DataElements.AssociationEvent.{i}.BSSID,Device.WiFi.DataElements.AssociationEvent.{i}.BSSID,Recommended,The MAC Address of the logical BSS (BSSID) which is reporting the Association Event.,CEM,
Wi-Fi - Events,InternetGatewayDevice.X_0023C7_WiFi.DataElements.AssociationEvent.{i}.MACAddress,Device.WiFi.DataElements.AssociationEvent.{i}.MACAddress,Recommended,The MAC Address of the Associated Device (STA).,CEM,
Wi-Fi - Events,InternetGatewayDevice.X_0023C7_WiFi.DataElements.AssociationEvent.{i}.StatusCode,Device.WiFi.DataElements.AssociationEvent.{i}.StatusCode,Recommended,The status code sent to the Associated Device (STA) in the Association Response frame ,CEM,
Wi-Fi - Events,InternetGatewayDevice.X_0023C7_WiFi.DataElements.AssociationEvent.{i}.TimeStamp,Device.WiFi.DataElements.AssociationEvent.{i}.TimeStamp,Recommended,The time this event happened.,CEM,
Wi-Fi - Events,InternetGatewayDevice.X_0023C7_WiFi.DataElements.DisassociationEvent.{i}.BSSID,Device.WiFi.DataElements.DisassociationEvent.{i}.BSSID,Recommended,The MAC Address of the logical BSS (BSSID) which is reporting the Disassociation Event.,CEM,
Wi-Fi - Events,InternetGatewayDevice.X_0023C7_WiFi.DataElements.DisassociationEvent.{i}.InitiatedBy,Device.WiFi.DataElements.DisassociationEvent.{i}.InitiatedBy,Recommended,This parameter indicates the entity that initiated this Disassociation Event.,CEM,
Wi-Fi - Events,InternetGatewayDevice.X_0023C7_WiFi.DataElements.DisassociationEvent.{i}.MACAddress,Device.WiFi.DataElements.DisassociationEvent.{i}.MACAddress,Recommended,The MAC Address of the Associated Device (STA).,CEM,
Wi-Fi - Events,InternetGatewayDevice.X_0023C7_WiFi.DataElements.DisassociationEvent.{i}.SignalStrength,Device.WiFi.DataElements.DisassociationEvent.{i}.SignalStrength,Recommended,An indicator of radio signal strength of the uplink from the Associated Device (STA) to the access point - measured in dBm. ,CEM,
Wi-Fi - Events,InternetGatewayDevice.X_0023C7_WiFi.DataElements.DisassociationEvent.{i}.TimeStamp,Device.WiFi.DataElements.DisassociationEvent.{i}.TimeStamp,Recommended,The time this event happened.,CEM,
Wi-Fi - Events,InternetGatewayDevice.X_0023C7_WiFi.DataElements.FailedConnectionEvent.{i}.BSSID,Device.WiFi.DataElements.FailedConnectionEvent.{i}.BSSID,Recommended,The MAC Address of the logical BSS (BSSID) which is reporting the failed connection event.,CEM,
Wi-Fi - Events,InternetGatewayDevice.X_0023C7_WiFi.DataElements.FailedConnectionEvent.{i}.MACAddress,Device.WiFi.DataElements.FailedConnectionEvent.{i}.MACAddress,Recommended,MAC Address identifying the associated device (STA) that has attempted to connect.,CEM,
Wi-Fi - Events,InternetGatewayDevice.X_0023C7_WiFi.DataElements.FailedConnectionEvent.{i}.ReasonCode,Device.WiFi.DataElements.FailedConnectionEvent.{i}.ReasonCode,Recommended,Reason Code indicating the reason the STA was disassociated or deauthenticated.,CEM,
Wi-Fi - Events,InternetGatewayDevice.X_0023C7_WiFi.DataElements.FailedConnectionEvent.{i}.TimeStamp,Device.WiFi.DataElements.FailedConnectionEvent.{i}.TimeStamp,Recommended,The time this event happened.,CEM,
IP TV,InternetGatewayDevice.Services.STBService.{i}.Components.PVR.X_0023C7_ActiveSessionCount,Device.Services.STBService.{i}.Components.PVR.X_0023C7_ActiveSessionCount,Optional,Number of active recording sessions.,Monitoring - Rich IPTV,
IP TV,InternetGatewayDevice.Services.STBService.{i}.Components.PVR.MaxRecordingStreams,Device.Services.STBService.{i}.Components.PVR.MaxRecordingStreams,Optional,Maximum number of AV streams that the PVR can simultaneously record. ,Monitoring - Rich IPTV,
IP TV,InternetGatewayDevice.Services.STBService.{i}.ServiceMonitoring.MainStream.{i}.Enable,Device.Services.STBService.{i}.ServiceMonitoring.MainStream.{i}.Enable,Recommended,Enables or disables collection of Total and Sample statistics for this object instance.,Monitoring - IPTV,Monitoring - Rich IPTV
IP TV,InternetGatewayDevice.Services.STBService.{i}.ServiceMonitoring.MainStream.{i}.X_0023C7_MonitoringReset,Device.Services.STBService.{i}.ServiceMonitoring.MainStream.{i}.X_0023C7_MonitoringReset,Optional,If set to true statistic for IPTV should be reseted.,Monitoring - Rich IPTV,
IP TV,,Device.Services.STBService.{i}.ServiceMonitoring.MainStream.{i}.ServiceType,Recommended,Service type associated with this main stream instance,Monitoring - IPTV,Monitoring - Rich IPTV
IP TV,InternetGatewayDevice.DeviceInfo.X_0023C7_PowerStatus,Device.DeviceInfo.X_0023C7_PowerStatus,Optional,Power status of STB running on this CPE.,Monitoring - Rich IPTV,
IP TV,InternetGatewayDevice.Services.STBService.{i}.ServiceMonitoring.MainStream.{i}.Total.AudioDecoderStats.DecodingErrors,Device.Services.STBService.{i}.ServiceMonitoring.MainStream.{i}.Total.AudioDecoderStats.DecodingErrors,Recommended,The number of audio decoding errors detected for this AV stream.,Monitoring - IPTV,"Monitoring - Rich IPTV, DMC - VDM_IPTV"
IP TV,InternetGatewayDevice.Services.STBService.{i}.ServiceMonitoring.MainStream.{i}.Total.AudioDecoderStats.DecodedFrames,Device.Services.STBService.{i}.ServiceMonitoring.MainStream.{i}.Total.AudioDecoderStats.DecodedFrames,Recommended,The number of audio frames that were decoded completely (errorless frames) or partially (corrupted frames) for this AV stream.,Monitoring - IPTV,DMC - VDM_IPTV
IP TV,InternetGatewayDevice.Services.STBService.{i}.Components.AudioDecoder.{i}.X_0023C7_BufferUsage,Device.Services.STBService.{i}.Components.AudioDecoder.{i}.X_0023C7_BufferUsage,Optional,,Monitoring - Rich IPTV,DMC - VDM_IPTV
IP TV,InternetGatewayDevice.Services.STBService.{i}.Components.AudioOutput.{i}.AudioFormat,Device.Services.STBService.{i}.Components.AudioOutput.{i}.AudioFormat,Optional,Currently active audio output format; or an empty string if no audio output format is currently active.,Monitoring - Rich IPTV,DMC - VDM_IPTV
IP TV,InternetGatewayDevice.Services.STBService.{i}.Components.AudioOutput.{i}.AudioLevel,Device.Services.STBService.{i}.Components.AudioDecoder.{i}.X_0023C7_BufferUsage,Optional,The audio level on this audio output in % (0 is quietest and 100 is loudest). This setting is independent of the mute status.,Monitoring - Rich IPTV,DMC - VDM_IPTV
IP TV,InternetGatewayDevice.Services.STBService.{i}.Components.FrontEnd.{i}.IP.Inbound.{i}.X_0023C7_URIName,Device.Services.STBService.{i}.Components.FrontEnd.{i}.IP.Inbound.{i}.X_0023C7_URIName,Optional,,Monitoring - Rich IPTV,DMC - VDM_IPTV
IP TV,InternetGatewayDevice.Services.STBService.{i}.AVStreams.AVStream.{i}.PVRState,Device.Services.STBService.{i}.AVStreams.AVStream.{i}.PVRState,Optional,Indicates whether this stream is using the PVR and; if so; the PVR state. ,Monitoring - Rich IPTV,DMC - VDM_IPTV
IP TV,InternetGatewayDevice.Services.STBService.{i}.Components.FrontEnd.{i}.IP.Inbound.{i}.URI,Device.Services.STBService.{i}.Components.FrontEnd.{i}.IP.Inbound.{i}.URI,Optional,,Monitoring - Rich IPTV,DMC - VDM_IPTV
IP TV,InternetGatewayDevice.Services.STBService.{i}.Components.FrontEnd.{i}.IP.Inbound.{i}.X_0023C7_URIName,Device.Services.STBService.{i}.Components.FrontEnd.{i}.IP.Inbound.{i}.X_0023C7_URIName,Optional,,Monitoring - Rich IPTV,DMC - VDM_IPTV
IP TV,InternetGatewayDevice.Services.STBService.{i}.Components.FrontEnd.{i}.IP.Inbound.{i}.X_0023C7_URIDuration,Device.Services.STBService.{i}.Components.FrontEnd.{i}.IP.Inbound.{i}.X_0023C7_URIDuration,Optional,,Monitoring - Rich IPTV,DMC - VDM_IPTV
IP TV,InternetGatewayDevice.Services.STBService.{i}.Components.FrontEnd.{i}.IP.Inbound.{i}.X_0023C7_ZapTime,Device.Services.STBService.{i}.Components.FrontEnd.{i}.IP.Inbound.{i}.X_0023C7_ZapTime,Optional,,Monitoring - Rich IPTV,DMC - VDM_IPTV
IP TV,InternetGatewayDevice.Services.STBService.{i}.ServiceMonitoring.MainStream.{i}.Total.X_000430_HDCPErrors,Device.Services.STBService.{i}.ServiceMonitoring.MainStream.{i}.Total.X_000430_HDCPErrors,Optional,,Monitoring - Rich IPTV,DMC - VDM_IPTV
IP TV,InternetGatewayDevice.Services.STBService.{i}.Components.SCART.{i}.Status,Device.Services.STBService.{i}.Components.SCART.{i}.Status,Optional,,Monitoring - Rich IPTV,DMC - VDM_IPTV
IP TV,InternetGatewayDevice.Services.STBService.{i}.Components.SPDIF.{i}.Passthrough,Device.Services.STBService.{i}.Components.SPDIF.{i}.Passthrough,Optional,When in Passthrough mode; the STB sends the audio stream over S/PDIF without decoding it.,Monitoring - Rich IPTV,DMC - VDM_IPTV
IP TV,InternetGatewayDevice.Services.STBService.{i}.Components.HDMI.{i}.X_0023C7_EDIDDateOfProduction,Device.Services.STBService.{i}.Components.HDMI.{i}.X_0023C7_EDIDDateOfProduction,Optional,The connected TV production date  base on EDID data.,Monitoring - Rich IPTV,DMC - VDM_IPTV
IP TV,InternetGatewayDevice.Services.STBService.{i}.Components.HDMI.{i}.X_0023C7_EDIDManufacturer,Device.Services.STBService.{i}.Components.HDMI.{i}.X_0023C7_EDIDManufacturer,Optional,Manufacturer of the connected TV base on EDID data.,Monitoring - Rich IPTV,DMC - VDM_IPTV
IP TV,InternetGatewayDevice.Services.STBService.{i}.Components.HDMI.{i}.X_0023C7_EDIDProduct,Device.Services.STBService.{i}.Components.HDMI.{i}.X_0023C7_EDIDProduct,Optional,Product name of the connected TV base on EDID data.,Monitoring - Rich IPTV,DMC - VDM_IPTV
IP TV,InternetGatewayDevice.Services.STBService.{i}.Components.HDMI.{i}.Status,Device.Services.STBService.{i}.Components.HDMI.{i}.Status,Optional," 	

The status of HDMI output. ",Monitoring - Rich IPTV,DMC - VDM_IPTV
IP TV,InternetGatewayDevice.Services.STBService.{i}.Components.HDMI.{i}.ResolutionValue,Device.Services.STBService.{i}.Components.HDMI.{i}.ResolutionValue,Optional,The resolution mode of the HDMI output.,Monitoring - Rich IPTV,DMC - VDM_IPTV
IP TV,InternetGatewayDevice.DeviceInfo.X_000430_HDDFanLevel,Device.DeviceInfo.X_000430_HDDFanLevel,Optional,System cooling fan speed in percentages. ,Monitoring - Rich IPTV,
IP TV,InternetGatewayDevice.DeviceInfo.X_000430_RebootCount,Device.DeviceInfo.X_000430_RebootCount,Optional,,Monitoring - Rich IPTV,
IP TV,InternetGatewayDevice.Services.STBService.{i}.ServiceMonitoring.MainStream.{i}.Total.DejitteringStats.Overruns,Device.Services.STBService.{i}.ServiceMonitoring.MainStream.{i}.Total.DejitteringStats.Overruns,Recommended,Total number of times the receive jitter buffer has overrun for this AV stream.,Monitoring - IPTV,"Monitoring - Rich IPTV, DMC - VDM_IPTV"
IP TV,InternetGatewayDevice.Services.STBService.{i}.ServiceMonitoring.MainStream.{i}.Total.DejitteringStats.Underruns,Device.Services.STBService.{i}.ServiceMonitoring.MainStream.{i}.Total.DejitteringStats.Underruns,Recommended,Total number of times the receive jitter buffer has underrun for this AV stream.,Monitoring - IPTV,"Monitoring - Rich IPTV, DMC - VDM_IPTV"
IP TV,InternetGatewayDevice.Services.STBService.{i}.ServiceMonitoring.MainStream.{i}.Total.RTPStats.LossEvents,Device.Services.STBService.{i}.ServiceMonitoring.MainStream.{i}.Total.RTPStats.LossEvents,Recommended,Total number of Loss Events for this stream.,Monitoring - IPTV,"Monitoring - Rich IPTV, DMC - VDM_IPTV"
IP TV,InternetGatewayDevice.Services.STBService.{i}.ServiceMonitoring.MainStream.{i}.Total.RTPStats.PacketsLost,Device.Services.STBService.{i}.ServiceMonitoring.MainStream.{i}.Total.RTPStats.PacketsLost,Optional,Total number of RTP packets lost for this stream.,Monitoring - Rich IPTV,DMC - VDM_IPTV
IP TV,InternetGatewayDevice.Services.STBService.{i}.ServiceMonitoring.MainStream.{i}.Total.RTPStats.PacketsReceived,Device.Services.STBService.{i}.ServiceMonitoring.MainStream.{i}.Total.RTPStats.PacketsReceived,Recommended,Total number of RTP packets received for this AV stream.,Monitoring - IPTV,"Monitoring - Rich IPTV, DMC - VDM_IPTV"
IP TV,InternetGatewayDevice.Services.STBService.{i}.ServiceMonitoring.MainStream.{i}.Total.MPEG2TSStats.PacketDiscontinuityCounter,Device.Services.STBService.{i}.ServiceMonitoring.MainStream.{i}.Total.MPEG2TSStats.PacketDiscontinuityCounter,Recommended,Total number of MPEG2-TS Discontinuity errors that have been captured for this AV stream. This parameter accumulates all of the discontinuities observed for all currently monitored PIDs.,Monitoring - IPTV,"Monitoring - Rich IPTV, DMC - VDM_IPTV"
IP TV,InternetGatewayDevice.Services.STBService.{i}.ServiceMonitoring.MainStream.{i}.Total.MPEG2TSStats.TSPacketsReceived,Device.Services.STBService.{i}.ServiceMonitoring.MainStream.{i}.Total.MPEG2TSStats.TSPacketsReceived,Recommended,Total number of MPEG2-TS packets received for this AV stream.,Monitoring - IPTV,"Monitoring - Rich IPTV, DMC - VDM_IPTV"
IP TV,InternetGatewayDevice.Services.STBService.{i}.Components.VideoDecoder.{i}.X_0023C7_BufferUsage,Device.Services.STBService.{i}.Components.VideoDecoder.{i}.X_0023C7_BufferUsage,Optional,Video stream buffer usage in percentages.,DMC,DMC - VDM_IPTV
IP TV,InternetGatewayDevice.Services.STBService.{i}.ServiceMonitoring.MainStream.{i}.Total.VideoDecoderStats.LostFrames,Device.Services.STBService.{i}.ServiceMonitoring.MainStream.{i}.Total.VideoDecoderStats.LostFrames,Recommended,The number of video frames that could not be reproduced by the STB for this AV stream.,Monitoring - IPTV,DMC - VDM_IPTV
IP TV,InternetGatewayDevice.Services.STBService.{i}.Components.VideoOutput.{i}.VideoFormat,Device.Services.STBService.{i}.Components.VideoOutput.{i}.VideoFormat,Optional,Currently active video output format; or an empty string if no video output format is currently active.,Monitoring - Rich IPTV,DMC - VDM_IPTV
IP TV,InternetGatewayDevice.Services.STBService.{i}.ServiceMonitoring.MainStream.{i}.Total.VideoDecoderStats.DecodedFrames,Device.Services.STBService.{i}.ServiceMonitoring.MainStream.{i}.Total.VideoDecoderStats.DecodedFrames,Recommended,The number of video frames that were decoded completely (errorless frames) or partially (corrupted frames) for this AV stream.,Monitoring - IPTV,DMC - VDM_IPTV
IP TV,InternetGatewayDevice.Services.STBService.{i}.ServiceMonitoring.MainStream.{i}.Total.VideoDecoderStats.AVResynchCounter,Device.Services.STBService.{i}.ServiceMonitoring.MainStream.{i}.Total.VideoDecoderStats.AVResynchCounter,Optional,The number of AV resynchronizations that were performed by the STB for this AV stream.,Monitoring - Rich IPTV,DMC - VDM_IPTV
Localization,InternetGatewayDevice.DeviceInfo.Location.{i}.AcquiredTime,Device.DeviceInfo.Location.{i}.AcquiredTime,Optional,The time when the location was acquired,DMC,DMC - VDM_Localization
Localization,InternetGatewayDevice.DeviceInfo.Location.{i}.DataObject,Device.DeviceInfo.Location.{i}.DataObject,Optional,Current altitude of the device,DMC,DMC - VDM_Localization
Localization,InternetGatewayDevice.DeviceInfo.Location.{i}.DataObject,Device.DeviceInfo.Location.{i}.DataObject,Optional,,Monitoring - Location,
Localization,InternetGatewayDevice.DeviceInfo.Location.{i}.DataObject,Device.DeviceInfo.Location.{i}.DataObject,Deprecated,Azimuth of current speed,DMC,DMC - VDM_Localization
Localization,InternetGatewayDevice.DeviceInfo.Location.{i}.DataObject,Device.DeviceInfo.Location.{i}.DataObject,Recommended,Current latitude of the device,Monitoring - Location,DMC - VDM_Localization
Localization,InternetGatewayDevice.DeviceInfo.Location.{i}.DataObject,Device.DeviceInfo.Location.{i}.DataObject,Recommended,Current longitude of the device,Monitoring - Location,DMC - VDM_Localization
Localization,InternetGatewayDevice.DeviceInfo.Location.{i}.Source,Device.DeviceInfo.Location.{i}.Source,Optional,Identifies the source of the location data,DMC,DMC - VDM_Localization
Localization,InternetGatewayDevice.DeviceInfo.Location.{i}.DataObject,Device.DeviceInfo.Location.{i}.DataObject,Optional,Current speed of the device,Monitoring - Location,DMC - VDM_Localization
Localization,InternetGatewayDevice.DeviceInfo.Location.{i}.DataObject,Device.DeviceInfo.Location.{i}.DataObject,Deprecated,[Deprecated],Monitoring - Location,
Localization,InternetGatewayDevice.DeviceInfo.Location.{i}.DataObject,Device.DeviceInfo.Location.{i}.DataObject,Deprecated,[Deprecated],Monitoring - Location,
Management,-,-,Virtual,,DMC,DMC - VDM_Management
Management,-,-,Virtual,,DMC,DMC - VDM_Management
Management,InternetGatewayDevice.ManagementServer.Password,Device.ManagementServer.Password,Mandatory,Password used to authenticate the CPE when making a connection to the ACS using the CPE WAN Management Protocol.,DMC,DMC - VDM_Management
Management,InternetGatewayDevice.ManagementServer.URL,Device.ManagementServer.URL,Mandatory,URL for the CPE to connect to the ACS using the CPE WAN Management Protocol. ,DMC,DMC - VDM_Management
Management,InternetGatewayDevice.ManagementServer.Username,Device.ManagementServer.Username,Mandatory,Username used to authenticate the CPE when making a connection to the ACS using the CPE WAN Management Protocol. ,DMC,DMC - VDM_Management
Management,InternetGatewayDevice.ManagementServer.ConnectionRequestPassword,Device.ManagementServer.ConnectionRequestPassword,Mandatory,Password used to authenticate an ACS making a Connection Request to the CPE.,DMC,DMC - VDM_Management
Management,InternetGatewayDevice.ManagementServer.ConnectionRequestURL,Device.ManagementServer.ConnectionRequestURL,Mandatory,HTTP URL for an ACS to make a Connection Request notification to the CPE.,DMC,DMC - VDM_Management
Management,InternetGatewayDevice.ManagementServer.ConnectionRequestUsername,Device.ManagementServer.ConnectionRequestUsername,Mandatory,Username used to authenticate an ACS making a Connection Request to the CPE.,DMC,DMC - VDM_Management
Management,InternetGatewayDevice.ManagementServer.PeriodicInformEnable,Device.ManagementServer.PeriodicInformEnable,Recommended,Whether or not the CPE MUST periodically send CPE information to the ACS using the Inform method call.,DMC,DMC - VDM_Management
Management,InternetGatewayDevice.ManagementServer.PeriodicInformInterval,Device.ManagementServer.PeriodicInformInterval,Mandatory,The duration in seconds of the interval for which the CPE MUST attempt to connect with the ACS and call the Inform method if PeriodicInformEnable is true.,DMC,DMC - VDM_Management
Management,InternetGatewayDevice.ManagementServer.PeriodicInformTime,Device.ManagementServer.PeriodicInformTime,Recommended,An absolute time reference in UTC to determine when the CPE will initiate the periodic Inform method calls. ,DMC,DMC - VDM_Management
Management,InternetGatewayDevice.ManagementServer.STUNEnable,Device.ManagementServer.STUNEnable,Optional,Enables or disables the use of STUN by the CPE. ,Generic,
Management,InternetGatewayDevice.ManagementServer.STUNPassword,Device.ManagementServer.STUNPassword,Optional,The value of the STUN Password to be used in computing the MESSAGE-INTEGRITY attribute to be used in Binding Requests ,Generic,
Management,InternetGatewayDevice.ManagementServer.STUNServerAddress,Device.ManagementServer.STUNServerAddress,Optional,Host name or IP address of the STUN server for the CPE to send Binding Requests.,Generic,
Management,InternetGatewayDevice.ManagementServer.STUNServerPort,Device.ManagementServer.STUNServerPort,Optional,Port number of the STUN server for the CPE to send Binding Requests,Generic,
Management,InternetGatewayDevice.ManagementServer.UDPConnectionRequestAddress,Device.ManagementServer.UDPConnectionRequestAddress,Optional,Address and port to which an ACS MAY send a UDP Connection Request to the CPE.,Generic,
Management,InternetGatewayDevice.ManagementServer.STUNUsername,Device.ManagementServer.STUNUsername,Optional,"If not an empty string, the value of the STUN USERNAME attribute to be used in Binding Requests ",Generic,
NTP,InternetGatewayDevice.Time.Status,Device.Time.Status,Optional,Status of Time support on the CPE,DMC,DMC - VDM_NTP
NTP,InternetGatewayDevice.Time.Enable,Device.Time.Enable,Recommended,Enables or disables the NTP or SNTP time client,DMC,DMC - VDM_NTP
NTP,InternetGatewayDevice.Time.CurrentLocalTime,Device.Time.CurrentLocalTime,Optional,The current date and time in the CPE's local time zone,DMC,DMC - VDM_NTP
NTP,InternetGatewayDevice.Time.LocalTimeZone,Device.Time.LocalTimeZone,Optional,The local time zone definition,DMC,DMC - VDM_NTP
NTP,InternetGatewayDevice.Time.LocalTimeZoneName,Device.Time.LocalTimeZoneName,Optional,Name of the local time zone (human readable string),DMC,DMC - VDM_NTP
NTP,InternetGatewayDevice.Time.DaylightSavingsStart,Device.Time.DaylightSavingsStart,Optional,Current local date and time at which the switch to daylight savings time occurs. If daylight savings time is not used,DMC,DMC - VDM_NTP
NTP,InternetGatewayDevice.Time.DaylightSavingsEnd,Device.Time.DaylightSavingsEnd,Optional,Current local date and time at which the switch from daylight savings time will occur. If daylight savings time is not used,DMC,DMC - VDM_NTP
NTP,InternetGatewayDevice.Time.DaylightSavingsUsed,Device.Time.DaylightSavingsUsed,Optional,Whether or not daylight savings time is in use in the CPE's local time zone,DMC,DMC - VDM_NTP
NTP,"InternetGatewayDevice.Time.NTPServer1
InternetGatewayDevice.Time.NTPServer2
InternetGatewayDevice.Time.NTPServer3","Device.Time.NTPServer1
Device.Time.NTPServer2
Device.Time.NTPServer3",Recommended,NTP timeserver. Either a host name or IP address.,DMC,DMC - VDM_NTP
Parental control,InternetGatewayDevice.X_0023C7_ParentalControl.{i}.Action,Device.X_0023C7_ParentalControl.{i}.Action,Optional,Action to be performed on the URLs in this rule,Generic,
Parental control,InternetGatewayDevice.X_0023C7_ParentalControl.{i}.Days,Device.X_0023C7_ParentalControl.{i}.Days,Optional,Days of week when this parental control rule is active,Generic,
Parental control,InternetGatewayDevice.X_0023C7_ParentalControl.{i}.Enable,Device.X_0023C7_ParentalControl.{i}.Enable,Optional,Enables or disables the parental control rule,Generic,
Parental control,InternetGatewayDevice.X_0023C7_ParentalControl.{i}.EndTime,Device.X_0023C7_ParentalControl.{i}.EndTime,Optional,The time when this rule is deactivated,Generic,
Parental control,InternetGatewayDevice.X_0023C7_ParentalControl.{i}.Name,Device.X_0023C7_ParentalControl.{i}.Name,Optional,Name of the parental control rule,Generic,
Parental control,InternetGatewayDevice.X_0023C7_ParentalControl.{i}.StartTime,Device.X_0023C7_ParentalControl.{i}.StartTime,Optional,The time when this rule is activated,Generic,
Parental control,InternetGatewayDevice.X_0023C7_ParentalControl.{i}.UserIdentity,Device.X_0023C7_ParentalControl.{i}.UserIdentity,Optional,User that created the parental control rule,Generic,
Parental control,InternetGatewayDevice.X_0023C7_ParentalControl.{i}.URLList.{i}.URL,Device.X_0023C7_ParentalControl.{i}.URLList.{i}.URL,Optional,List of URLs watched by the parental control rule,Generic,
PLC,InternetGatewayDevice.X_0023C7_UPA.Interface.{i}.Enable,Device.UPA.Interface.{i}.Enable,Recommended,Enables or disables the interface,DMC,DMC - VDM_PLC
PLC,InternetGatewayDevice.X_0023C7_UPA.Interface.{i}.FirmwareVersion,Device.UPA.Interface.{i}.FirmwareVersion,Recommended,This interface’s firmware version,DMC,DMC - VDM_PLC
PLC,,Device.UPA.Interface.{i}.MACAddress,Optional,MAC address of the PLC,Generic,
PLC,InternetGatewayDevice.X_0023C7_UPA.Interface.{i}.MaxBitRate,Device.UPA.Interface.{i}.MaxBitRate,Recommended,Max bitrate,DMC,DMC - VDM_PLC
PLC,InternetGatewayDevice.X_0023C7_UPA.Interface.{i}.Name,Device.UPA.Interface.{i}.Name,Recommended,The textual name of the interface as assigned by the CPE,DMC,DMC - VDM_PLC
PLC,InternetGatewayDevice.X_0023C7_UPA.Interface.{i}.EncryptionKey,Device.UPA.Interface.{i}.EncryptionKey,Recommended,Network password,DMC,DMC - VDM_PLC
PLC,InternetGatewayDevice.X_0023C7_UPA.Interface.{i}.Status,Device.UPA.Interface.{i}.Status,Recommended,The current operational state of the interface,DMC,DMC - VDM_PLC
PLC,InternetGatewayDevice.X_0023C7_UPA.Interface.{i}.Upstream,Device.UPA.Interface.{i}.Upstream,Recommended,Indicates whether the interface points towards the Internet (true) or towards End Devices (false),DMC,DMC - VDM_PLC
PLC,InternetGatewayDevice.X_0023C7_UPA.Interface.{i}.FirmwareVersion,Device.UPA.Interface.{i}.FirmwareVersion,Recommended,Version,DMC,DMC - VDM_PLC
PLC,InternetGatewayDevice.X_0023C7_UPA.Interface.{i}.AssociatedDevice.{i}.Active,Device.UPA.Interface.{i}.AssociatedDevice.{i}.Active,Recommended,Whether or not this node is currently present in the UPA network.,DMC,DMC - VDM_PLC
PLC,InternetGatewayDevice.X_0023C7_UPA.Interface.{i}.AssociatedDevice.{i}.MeanEstimatedAtt,Device.UPA.Interface.{i}.AssociatedDevice.{i}.MeanEstimatedAtt,Recommended,Mean estimated attenuation,DMC,DMC - VDM_PLC
PLC,InternetGatewayDevice.X_0023C7_UPA.Interface.{i}.AssociatedDevice.{i}.MACAddress,Device.UPA.Interface.{i}.AssociatedDevice.{i}.MACAddress,Optional,MAC address of Connected PLC,Generic,
PLC,InternetGatewayDevice.X_0023C7_UPA.Interface.{i}.AssociatedDevice.{i}.PhyRxThroughput,Device.UPA.Interface.{i}.AssociatedDevice.{i}.PhyRxThroughput,Recommended,Physical Rx rate,DMC,DMC - VDM_PLC
PLC,InternetGatewayDevice.X_0023C7_UPA.Interface.{i}.AssociatedDevice.{i}.PhyTxThroughput,Device.UPA.Interface.{i}.AssociatedDevice.{i}.PhyTxThroughput,Recommended,Physical Tx rate,DMC,DMC - VDM_PLC
PLC,InternetGatewayDevice.X_0023C7_UPA.Interface.{i}.Stats.BytesReceived,Device.UPA.Interface.{i}.Stats.BytesReceived,Optional,"The total number of bytes received on the interface, including framing characters",Generic,
PLC,InternetGatewayDevice.X_0023C7_UPA.Interface.{i}.Stats.PacketsReceived,Device.UPA.Interface.{i}.Stats.PacketsReceived,Optional,The total number of packets received on the interface,Generic,
PLC,InternetGatewayDevice.X_0023C7_UPA.Interface.{i}.Stats.BytesSent,Device.UPA.Interface.{i}.Stats.BytesSent,Optional,"The total number of bytes transmitted out of the interface, including framing characters",Generic,
PLC,InternetGatewayDevice.X_0023C7_UPA.Interface.{i}.Stats.PacketsSent,Device.UPA.Interface.{i}.Stats.PacketsSent,Optional,The total number of packets transmitted out of the interface,Generic,
Process,InternetGatewayDevice.DeviceInfo.ProcessStatus.Process.{i}.Command,Device.DeviceInfo.ProcessStatus.Process.{i}.Command,Recommended,The name of the command that has caused the process to exist,DMC,DMC - VDM_Process
Process,InternetGatewayDevice.DeviceInfo.ProcessStatus.Process.{i}.CPUTime,Device.DeviceInfo.ProcessStatus.Process.{i}.CPUTime,Recommended,The amount of time in milliseconds that the process has spent taking up CPU time since the process was started,DMC,DMC - VDM_Process
Process,InternetGatewayDevice.DeviceInfo.ProcessStatus.Process.{i}.PID,Device.DeviceInfo.ProcessStatus.Process.{i}.PID,Optional,The Process Identifier,DMC,DMC - VDM_Process
Process,InternetGatewayDevice.DeviceInfo.ProcessStatus.Process.{i}.Priority,Device.DeviceInfo.ProcessStatus.Process.{i}.Priority,Optional,The priority of the process where 0 is highest,DMC,DMC - VDM_Process
Process,InternetGatewayDevice.DeviceInfo.ProcessStatus.Process.{i}.Size,Device.DeviceInfo.ProcessStatus.Process.{i}.Size,Optional,The size in kilobytes of the memory occupied by the process,DMC,DMC - VDM_Process
Process,InternetGatewayDevice.DeviceInfo.ProcessStatus.Process.{i}.State,Device.DeviceInfo.ProcessStatus.Process.{i}.State,Recommended,The current state that the process is in,DMC,DMC - VDM_Process
QoS,InternetGatewayDevice.QueueManagement.Classification.{i}.ClassInterface,Device.QoS.Classification.{i}.Interface,Optional,This specifies the ingress interface associated with the entry,DMC,DMC - VDM_QoS
QoS,InternetGatewayDevice.QueueManagement.Classification.{i}.,,Optional,,DMC,DMC - VDM_QoS
QoS,InternetGatewayDevice.QueueManagement.Classification.{i}.,,Mandatory,,DMC,DMC - VDM_QoS
QoS,InternetGatewayDevice.QueueManagement.Classification.{i}.,,Mandatory,,DMC,DMC - VDM_QoS
QoS,InternetGatewayDevice.QueueManagement.Classification.{i}.,,Mandatory,,DMC,DMC - VDM_QoS
QoS,InternetGatewayDevice.QueueManagement.Classification.{i}.,,Mandatory,,DMC,DMC - VDM_QoS
QoS,InternetGatewayDevice.QueueManagement.Classification.{i}.,,Optional,,DMC,DMC - VDM_QoS
QoS,InternetGatewayDevice.QueueManagement.Classification.{i}.,,Optional,,DMC,DMC - VDM_QoS
QoS,InternetGatewayDevice.QueueManagement.Classification.{i}.,,Optional,,DMC,DMC - VDM_QoS
QoS,InternetGatewayDevice.QueueManagement.Classification.{i}.,,Optional,,DMC,DMC - VDM_QoS
QoS,InternetGatewayDevice.QueueManagement.Classification.{i}.,,Optional,,DMC,DMC - VDM_QoS
QoS,InternetGatewayDevice.QueueManagement.Classification.{i}.,,Optional,,DMC,DMC - VDM_QoS
QoS,InternetGatewayDevice.QueueManagement.Classification.{i}.,,Optional,,DMC,DMC - VDM_QoS
QoS,InternetGatewayDevice.QueueManagement.Classification.{i}.,,Optional,,DMC,DMC - VDM_QoS
Routing,InternetGatewayDevice.Layer3Forwarding.Forwarding.{i}.Enable,,Recommended,Enables or disables the forwarding entry. ,DMC,DMC - VDM_Routing
Routing,InternetGatewayDevice.Layer3Forwarding.Forwarding.{i}.GatewayIPAddress,,Mandatory,IP address of the gateway.,DMC,DMC - VDM_Routing
Routing,InternetGatewayDevice.Layer3Forwarding.Forwarding.{i}.Interface,,Mandatory,Specifies the egress interface associated with this entry. ,DMC,DMC - VDM_Routing
Routing,InternetGatewayDevice.Layer3Forwarding.Forwarding.{i}.Status,,Optional,Indicates the status of the forwarding entry.,DMC,DMC - VDM_Routing
Routing,InternetGatewayDevice.Layer3Forwarding.Forwarding.{i}.DestIPAddress,,Mandatory,Destination address. An empty string or a value of “0.0.0.0” indicates no destination address is specified.,DMC,DMC - VDM_Routing
Routing,InternetGatewayDevice.Layer3Forwarding.Forwarding.{i}.DestSubnetMask,,Mandatory,Destination subnet mask. An empty string or a value of “0.0.0.0” indicates no destination subnet mask is specified.,DMC,DMC - VDM_Routing
Routing,InternetGatewayDevice.Layer3Forwarding.Forwarding.{i}.SourceIPAddress,,Mandatory,Source address. An empty string or a value of “0.0.0.0” indicates no source address is specified.,DMC,DMC - VDM_Routing
Routing,InternetGatewayDevice.Layer3Forwarding.Forwarding.{i}.SourceSubnetMask,,Mandatory,Source subnet mask. An empty string or a value of “0.0.0.0” indicates no source subnet mask is specified.,DMC,DMC - VDM_Routing
Storage,InternetGatewayDevice.Services.StorageService.{i}.LogicalVolumeNumberOfEntries,Device.Services.StorageService.{i}.LogicalVolumeNumberOfEntries,Recommended,The number of instances of LogicalVolume.{i}.,Monitoring - Rich IPTV,DMC - VDM_IPTV
Storage,InternetGatewayDevice.Services.StorageService.{i}.LogicalVolume.{i}.Capacity,Device.Services.StorageService.{i}.LogicalVolume.{i}.Capacity,Optional,The Capacity of the Logical Volume in MB.,Generic,
Storage,"InternetGatewayDevice.Services.StorageService.{i}.LogicalVolume.{i}.Capacity
InternetGatewayDevice.Services.StorageService.{i}.LogicalVolume.{i}.UsedSpace","Device.Services.StorageService.{i}.LogicalVolume.{i}.Capacity
Device.Services.StorageService.{i}.LogicalVolume.{i}.UsedSpace",Optional,The Amount of Free Space on the Logical Volume in MB.,Generic,
Storage,InternetGatewayDevice.Services.StorageService.{i}.LogicalVolume.{i}.UsedSpace,Device.Services.StorageService.{i}.LogicalVolume.{i}.UsedSpace,Optional,The Amount of Used Space on the Logical Volume in MB.,Generic,
Storage,InternetGatewayDevice.Services.StorageService.{i}.LogicalVolume.{i}.Capacity,Device.Services.StorageService.{i}.LogicalVolume.{i}.Capacity,Recommended,The Total Capacity of the Logical Volume in MB.,Monitoring - Rich IPTV,DMC - VDM_IPTV
Storage,"InternetGatewayDevice.Services.StorageService.{i}.LogicalVolume.{i}.Capacity
InternetGatewayDevice.Services.StorageService.{i}.LogicalVolume.{i}.UsedSpace","Device.Services.StorageService.{i}.LogicalVolume.{i}.Capacity
Device.Services.StorageService.{i}.LogicalVolume.{i}.UsedSpace",Recommended,The Total Amount of Free Space on the Logical Volume in MB.,Monitoring - Rich IPTV,DMC - VDM_IPTV
Storage,InternetGatewayDevice.Services.StorageService.{i}.LogicalVolume.{i}.UsedSpace,Device.Services.StorageService.{i}.LogicalVolume.{i}.UsedSpace,Recommended,The Total Amount of Used Space on the Logical Volume in MB.,Monitoring - Rich IPTV,DMC - VDM_IPTV
Syslog,InternetGatewayDevice.X_0023C7_Syslog.Enable,Device.X_0023C7_Syslog.Status,Optional,,DMC,
Syslog,InternetGatewayDevice.X_0023C7_Syslog.Address,Device.X_0023C7_Syslog.Address,Optional,,DMC,DMC - VDM_Syslog
Syslog,InternetGatewayDevice.X_0023C7_Syslog.Port,Device.X_0023C7_Syslog.Port,Optional,,DMC,DMC - VDM_Syslog
Syslog,InternetGatewayDevice.X_0023C7_Syslog.Level,Device.X_0023C7_Syslog.Level,Optional,,DMC,DMC - VDM_Syslog
Syslog,-,-,Virtual,,DMC,DMC - VDM_Syslog
Syslog,-,-,Virtual,,DMC,DMC - VDM_Syslog
Syslog,-,-,Virtual,,DMC,DMC - VDM_Syslog
USB,InternetGatewayDevice.USBHosts.Host.{i}.Type,Device.USB.USBHosts.Host.{i}.Type,Optional,Type of USB Host.,CEM - Network Map,DMC - VDM_USB
USB,InternetGatewayDevice.USBHosts.Host.{i}.USBVersion,Device.USB.USBHosts.Host.{i}.USBVersion,Optional,USB specification version with which the controller complies.,CEM - Network Map,DMC - VDM_USB
USB,InternetGatewayDevice.USBHosts.Host.{i}.Device.{i}.DeviceClass,Device.USB.USBHosts.Host.{i}.Device.{i}.DeviceClass,Recommended,Class Code as assigned by USB-IF.,CEM - Network Map,"CEM - Network Map, DMC - VDM_USB"
USB,InternetGatewayDevice.USBHosts.Host.{i}.Device.{i}.DeviceSubClass,Device.USB.USBHosts.Host.{i}.Device.{i}.DeviceSubClass,Optional,Subclass code (assigned by USB-IF).,CEM - Network Map,DMC - VDM_USB
USB,InternetGatewayDevice.USBHosts.Host.{i}.Device.{i}.Configuration.{i}.Interface.{i}.InterfaceClass,Device.USB.USBHosts.Host.{i}.Device.{i}.Configuration.{i}.Interface.{i}.InterfaceClass,Recommended,Class Code as assigned by USB-IF.,CEM - Network Map,"CEM - Network Map, DMC - VDM_USB"
USB,InternetGatewayDevice.USBHosts.Host.{i}.Device.{i}.Configuration.{i}.Interface.{i}.InterfaceProtocol,Device.USB.USBHosts.Host.{i}.Device.{i}.Configuration.{i}.Interface.{i}.InterfaceProtocol,Optional,Protocol code (assigned by USB-IF).,CEM - Network Map,DMC - VDM_USB
USB,InternetGatewayDevice.USBHosts.Host.{i}.Device.{i}.Configuration.{i}.Interface.{i}.InterfaceSubClass,Device.USB.USBHosts.Host.{i}.Device.{i}.Configuration.{i}.Interface.{i}.InterfaceSubClass,Optional,Subclass code (assigned by USB-IF).,CEM - Network Map,DMC - VDM_USB
USB,InternetGatewayDevice.USBHosts.Host.{i}.Device.{i}.IsSelfPowered,Device.USB.USBHosts.Host.{i}.Device.{i}.IsSelfPowered,Optional,When true the associated device is at least partly powered by a local source.,CEM - Network Map,DMC - VDM_USB
USB,InternetGatewayDevice.USBHosts.Host.{i}.Device.{i}.Manufacturer,Device.USB.USBHosts.Host.{i}.Device.{i}.Manufacturer,Recommended,Device Manufacturer string descriptor.,CEM - Network Map,"CEM - Network Map, DMC - VDM_USB"
USB,InternetGatewayDevice.USBHosts.Host.{i}.Device.{i}.ProductClass,Device.USB.USBHosts.Host.{i}.Device.{i}.ProductClass,Recommended,Device Product Class string descriptor,CEM - Network Map,"CEM - Network Map, DMC - VDM_USB"
USB,InternetGatewayDevice.USBHosts.Host.{i}.Device.{i}.ProductID,Device.USB.USBHosts.Host.{i}.Device.{i}.ProductID,Optional,Product ID (assigned by manufacturer).,CEM - Network Map,DMC - VDM_USB
USB,InternetGatewayDevice.USBHosts.Host.{i}.Device.{i}.Rate,Device.USB.USBHosts.Host.{i}.Device.{i}.Rate,Recommended,Speed of the USB device.,CEM - Network Map,"CEM - Network Map, DMC - VDM_USB"
USB,InternetGatewayDevice.USBHosts.Host.{i}.Device.{i}.SerialNumber,Device.USB.USBHosts.Host.{i}.Device.{i}.SerialNumber,Optional,Device SerialNumber string descriptor.,CEM - Network Map,DMC - VDM_USB
USB,InternetGatewayDevice.USBHosts.Host.{i}.Device.{i}.Port,Device.USB.USBHosts.Host.{i}.Device.{i}.USBPort,Recommended,Reference to the USB host device to which this (external) USB device is connected,CEM - Network Map,"CEM - Network Map, DMC - VDM_USB"
USB,InternetGatewayDevice.USBHosts.Host.{i}.Device.{i}.USBVersion,Device.USB.USBHosts.Host.{i}.Device.{i}.USBVersion,Recommended,USB specification version with which the device complies.,CEM - Network Map,"CEM - Network Map, DMC - VDM_USB"
USB,InternetGatewayDevice.USBHosts.Host.{i}.Device.{i}.VendorID,Device.USB.USBHosts.Host.{i}.Device.{i}.VendorID,Optional,Vendor ID (assigned by USB-IF).,CEM - Network Map,DMC - VDM_USB
USB,InternetGatewayDevice.LANDevice.{i}.LANUSBInterfaceConfig.{i}.Alias,Device.USB.Interface.{i}.Alias,Optional,A non-volatile handle used to reference this instance. Alias provides a mechanism for an ACS to label this instance for future reference.,CEM - Network Map,DMC - VDM_USB
USB,InternetGatewayDevice.LANDevice.{i}.LANUSBInterfaceConfig.{i}.Alias,Device.USB.Interface.{i}.Enable,Recommended,Enables or disables the interface.,CEM - Network Map,DMC - VDM_USB
USB,InternetGatewayDevice.LANDevice.{i}.LANUSBInterfaceConfig.{i}.MACAddress,Device.USB.Interface.{i}.MACAddress,Recommended,The MAC Address of the interface.,CEM - Network Map,DMC - VDM_USB
USB,InternetGatewayDevice.LANDevice.{i}.LANUSBInterfaceConfig.{i}.Standard,Device.USB.Interface.{i}.X_0023C7_Standard,Recommended,USB version supported by the device.,CEM - Network Map,DMC - VDM_USB
USB,InternetGatewayDevice.LANDevice.{i}.LANUSBInterfaceConfig.{i}.Status,Device.USB.Interface.{i}.Status,Recommended,The current operational state of the interface.,CEM - Network Map,DMC - VDM_USB
USB,InternetGatewayDevice.LANDevice.{i}.LANUSBInterfaceConfig.{i}.Stats.BytesReceived,Device.USB.Interface.{i}.Stats.BytesReceived,Optional,The total number of bytes received on the interface,CEM - Network Map,
USB,InternetGatewayDevice.LANDevice.{i}.LANUSBInterfaceConfig.{i}.Stats.PacketsReceived,Device.USB.Interface.{i}.Stats.PacketsReceived,Optional,The total number of packets received on the interface.,CEM - Network Map,
USB,InternetGatewayDevice.LANDevice.{i}.LANUSBInterfaceConfig.{i}.Stats.BytesSent,Device.USB.Interface.{i}.Stats.BytesSent,Optional,The total number of bytes transmitted out of the interface,CEM - Network Map,
USB,InternetGatewayDevice.LANDevice.{i}.LANUSBInterfaceConfig.{i}.Stats.PacketsSent,Device.USB.Interface.{i}.Stats.PacketsSent,Optional,The total number of packets transmitted out of the interface.,CEM - Network Map,
USB,InternetGatewayDevice.X_0023C7_USB.Port.{i}.Alias,Device.USB.Port.{i}.Alias,Optional,A non-volatile handle used to reference this instance. Alias provides a mechanism for an ACS to label this instance for future reference.,CEM - Network Map,DMC - VDM_USB
USB,InternetGatewayDevice.X_0023C7_USB.Port.{i}.Name,Device.USB.Port.{i}.Name,Recommended,The textual name of the port.,CEM - Network Map,DMC - VDM_USB
USB,InternetGatewayDevice.X_0023C7_USB.Port.{i}.Power,Device.USB.Port.{i}.Power,Recommended,Power configuration of the USB connection.,CEM - Network Map,DMC - VDM_USB
USB,InternetGatewayDevice.X_0023C7_USB.Port.{i}.Rate,Device.USB.Port.{i}.Rate,Recommended,Current speed of the USB connection.,CEM - Network Map,DMC - VDM_USB
USB,InternetGatewayDevice.X_0023C7_USB.Port.{i}.Receptacle,Device.USB.Port.{i}.Receptacle,Recommended,Receptacle of the port.,CEM - Network Map,DMC - VDM_USB
USB,InternetGatewayDevice.X_0023C7_USB.Port.{i}.Standard,Device.USB.Port.{i}.Standard,Recommended,USB specification version supported by the Port.,CEM - Network Map,DMC - VDM_USB
USB,InternetGatewayDevice.X_0023C7_USB.Port.{i}.Type,Device.USB.Port.{i}.Type,Recommended,Type of the USB connection.,CEM - Network Map,DMC - VDM_USB
VoIP,InternetGatewayDevice.Services.VoiceService.{i}.VoiceProfile.{i}.Enable,Device.Services.VoiceService.{i}.VoiceProfile.{i}.Enable,Mandatory,Enables or disables all lines in this profile,DMC,DMC - VDM_Voip
VoIP,InternetGatewayDevice.Services.VoiceService.{i}.VoiceProfile.{i}.Name,Device.Services.VoiceService.{i}.VoiceProfile.{i}.Name,Optional,Human-readable string to identify the profile instance.,DMC,DMC - VDM_Voip
VoIP,InternetGatewayDevice.Services.VoiceService.{i}.VoiceProfile.{i}.RTP.LocalPortMin,Device.Services.VoiceService.{i}.VoiceProfile.{i}.RTP.LocalPortMin,Optional,Base of port range to be used for incoming RTP streams for this profile.,DMC,DMC - VDM_Voip
VoIP,InternetGatewayDevice.Services.VoiceService.{i}.VoiceProfile.{i}.RTP.LocalPortMax,Device.Services.VoiceService.{i}.VoiceProfile.{i}.RTP.LocalPortMax,Optional,Top of port range to be used for incoming RTP streams for this profile.,DMC,DMC - VDM_Voip
VoIP,InternetGatewayDevice.Services.VoiceService.{i}.VoiceProfile.{i}.SIP.OutboundProxy,Device.Services.VoiceService.{i}.SIP.Network.{i}.OutboundProxy,Recommended,Host name or IP address of the outbound proxy.,CC - SupportMultiVoipMainPanel,"CC - SupportStatusMainPanel, DMC - VDM_Voip"
VoIP,InternetGatewayDevice.Services.VoiceService.{i}.VoiceProfile.{i}.SIP.OutboundProxyPort,Device.Services.VoiceService.{i}.SIP.Network.{i}.OutboundProxyPort,Recommended,Destination port to be used in connecting to the outbound proxy. This parameter MUST be ignored unless the value of OutboundProxy is non-empty.,DMC,DMC - VDM_Voip
VoIP,InternetGatewayDevice.Services.VoiceService.{i}.VoiceProfile.{i}.SIP.ProxyServer,Device.Services.VoiceService.{i}.SIP.Network.{i}.ProxyServer,Recommended,Host name or IP address of the SIP proxy server.,CC - SupportMultiVoipMainPanel,"CC - SupportStatusMainPanel, DMC - VDM_Voip"
VoIP,InternetGatewayDevice.Services.VoiceService.{i}.VoiceProfile.{i}.SIP.ProxyServerPort,Device.Services.VoiceService.{i}.SIP.Network.{i}.ProxyServerPort,Recommended,Destination port to be used in connecting to the SIP server,DMC,DMC - VDM_Voip
VoIP,InternetGatewayDevice.Services.VoiceService.{i}.VoiceProfile.{i}.SIP.ProxyServerTransport,Device.Services.VoiceService.{i}.SIP.Network.{i}.ProxyServerTransport,Optional,Transport protocol to be used in connecting to the SIP server. The value MUST be a member of the list reported by the Capabilities.SIP.Transports parameter.,DMC,DMC - VDM_Voip
VoIP,InternetGatewayDevice.Services.VoiceService.{i}.VoiceProfile.{i}.SIP.RegistrarServer,Device.Services.VoiceService.{i}.SIP.Network.{i}.RegistrarServer,Mandatory,Host name or IP address of the SIP registrar server.,CC - SupportMultiVoipMainPanel,"CC - SupportStatusMainPanel, DMC - VDM_Voip"
VoIP,InternetGatewayDevice.Services.VoiceService.{i}.VoiceProfile.{i}.SIP.RegistrarServerPort,Device.Services.VoiceService.{i}.SIP.Network.{i}.RegistrarServerPort,Recommended,Destination port to be used in connecting to the SIP registrar server.,DMC,DMC - VDM_Voip
VoIP,InternetGatewayDeviceServices.VoiceService.{i}.VoiceProfile.{i}.SIP.RegistrarServerTransport,Device.Services.VoiceService.{i}.SIP.Network.{i}.RegistrarServerTransport,Optional,Transport protocol to be used in connecting to the registrar server. The value MUST be a member of the list reported by the Capabilities.SIP.Transports parameter.,DMC,DMC - VDM_Voip
VoIP,InternetGatewayDevice.Services.VoiceService.{i}.VoiceProfile.{i}.SIP.UserAgentDomain,Device.Services.VoiceService.{i}.SIP.Network.{i}.UserAgentDomain,Recommended,"CPE domain string. If an empty string, the CPE SHOULD use its IP address as the domain.",CC - SupportMultiVoipMainPanel,"CC - SupportStatusMainPanel, DMC - VDM_Voip"
VoIP,InternetGatewayDevice.Services.VoiceService.{i}.VoiceProfile.{i}.SIP.UserAgentPort,Device.Services.VoiceService.{i}.SIP.Network.{i}.UserAgentPort,Optional,Port used for incoming call control signaling.,DMC,DMC - VDM_Voip
VoIP,InternetGatewayDevice.Services.VoiceService.{i}.VoiceProfile.{i}.SIP.UserAgentTransport,Device.Services.VoiceService.{i}.SIP.Network.{i}.UserAgentTransport,Optional,Transport protocol to be used for incoming call control signaling. The value MUST be a member of the list reported by the Capabilities.SIP.Transports parameter.,DMC,DMC - VDM_Voip
VoIP,InternetGatewayDevice.Services.VoiceService.{i}.VoiceProfile.{i}.Line.{i}.Status,Device.Services.VoiceService.{i}.VoiceProfile.{i}.Line.{i}.Status,Recommended,Indicates the status of this line,CC - SupportMultiVoipMainPanel,"CC - SupportStatusMainPanel, DMC - VDM_Voip"
VoIP,InternetGatewayDevice.Services.VoiceService.{i}.VoiceProfile.{i}.Line.{i}.Enable,Device.Services.VoiceService.{i}.VoiceProfile.{i}.Line.{i}.Enable,Mandatory,Enables or disables this line,CC - SupportMultiVoipMainPanel,"CC - SupportStatusMainPanel, DMC - VDM_Voip"
VoIP,InternetGatewayDevice.Services.VoiceService.{i}.VoiceProfile.{i}.Line.{i}.CallState,Device.Services.VoiceService.{i}.VoiceProfile.{i}.Line.{i}.CallState,Mandatory,Indicates the call state for this line.,Monitoring - VOIP,DMC - VDM_Voip
VoIP,InternetGatewayDevice.Services.VoiceService.{i}.VoiceProfile.{i}.Line.{i}.DirectoryNumber,Device.Services.VoiceService.{i}.VoiceProfile.{i}.Line.{i}.DirectoryNumber,Mandatory,Directory number associated with this line. May be used to identify the line to the user.,CC - SupportMultiVoipMainPanel,"CC - SupportStatusMainPanel, DMC - VDM_Voip"
VoIP,InternetGatewayDevice.Services.VoiceService.{i}.VoiceProfile.{i}.Line.{i}.PhyReferenceList,Device.Services.VoiceService.{i}.VoiceProfile.{i}.Line.{i}.PhyReferenceList,Recommended,Comma-separated list (maximum list length 32) of strings. Each item corresponds to the value of a particular instance of PhyInterface.{i}.InterfaceID.,CC - SupportMultiVoipMainPanel,CC - SupportStatusMainPanel
VoIP,InternetGatewayDevice.Services.VoiceService.{i}.VoiceProfile.{i}.Line.{i}.SIP.AuthUserName,Device.Services.VoiceService.{i}.VoiceProfile.{i}.Line.{i}.SIP.AuthUserName,Mandatory,Username used to authenticate the connection to the server,CC - SupportMultiVoipMainPanel,"CC - SupportStatusMainPanel, DMC - VDM_Voip"
VoIP,InternetGatewayDevice.Services.VoiceService.{i}.VoiceProfile.{i}.Line.{i}.SIP.AuthPassword,Device.Services.VoiceService.{i}.VoiceProfile.{i}.Line.{i}.SIP.AuthPassword,Mandatory,Password used to authenticate the connection to the server,CC - SupportMultiVoipMainPanel,"CC - SupportStatusMainPanel, DMC - VDM_Voip"
VoIP,InternetGatewayDevice.Services.VoiceService.{i}.VoiceProfile.{i}.Line.{i}.SIP.URI,Device.Services.VoiceService.{i}.VoiceProfile.{i}.Line.{i}.SIP.URI,Mandatory,URI by which the user agent will identify itself for this line.,CC - SupportMultiVoipMainPanel,"CC - SupportStatusMainPanel, DMC - VDM_Voip"
VoIP,InternetGatewayDevice.Services.VoiceService.{i}.VoiceProfile.{i}.Line.{i}.Codec.List.{i}.Enable,Device.Services.VoiceService.{i}.VoiceProfile.{i}.Line.{i}.Codec.List.{i}.Enable,Optional,Enable or disable the use of this combination of codec parameters. Default: true.,DMC,DMC - VDM_Voip
VoIP,InternetGatewayDevice.Services.VoiceService.{i}.VoiceProfile.{i}.Line.{i}.Codec.List.{i}.Codec,Device.Services.VoiceService.{i}.VoiceProfile.{i}.Line.{i}.Codec.List.{i}.Codec,Optional,Identifier of the codec type.,DMC,DMC - VDM_Voip
VoIP,InternetGatewayDevice.Services.VoiceService.{i}.VoiceProfile.{i}.Line.{i}.Codec.List.{i}.Priority,Device.Services.VoiceService.{i}.VoiceProfile.{i}.Line.{i}.Codec.List.{i}.Priority,Optional,Indicates the priority for this combination of codec parameters,DMC,DMC - VDM_Voip
VoIP,InternetGatewayDevice.Services.VoiceService.{i}.VoiceProfile.{i}.Line.{i}.Stats.Overruns,Device.Services.VoiceService.{i}.VoiceProfile.{i}.Line.{i}.Stats.Overruns,Optional,Total number of times the receive jitter buffer has overrun for this line.,Monitoring - VOIP,
VoIP,InternetGatewayDevice.Services.VoiceService.{i}.VoiceProfile.{i}.Line.{i}.Stats.Underruns,Device.Services.VoiceService.{i}.VoiceProfile.{i}.Line.{i}.Stats.Underruns,Optional,Total number of times the receive jitter buffer has underrun for this line.,Monitoring - VOIP,
VoIP,InternetGatewayDevice.Services.VoiceService.{i}.VoiceProfile.{i}.Line.{i}.Stats.TotalCallTime,Device.Services.VoiceService.{i}.VoiceProfile.{i}.Line.{i}.Stats.TotalCallTime,Optional,Cumulative call duration in seconds.,Generic,
VoIP,InternetGatewayDevice.Services.VoiceService.{i}.VoiceProfile.{i}.Line.{i}.Stats.PacketsSent,Device.Services.VoiceService.{i}.VoiceProfile.{i}.Line.{i}.Stats.PacketsSent,Optional,Total number of RTP packets sent for this line.,Generic,
VoIP,InternetGatewayDevice.Services.VoiceService.{i}.VoiceProfile.{i}.Line.{i}.Stats.BytesSent,Device.Services.VoiceService.{i}.VoiceProfile.{i}.Line.{i}.Stats.BytesSent,Recommended,Total number of RTP payload bytes sent for this line.,CC - SupportMultiVoipMainPanel,CC - SupportStatusMainPanel
VoIP,InternetGatewayDevice.Services.VoiceService.{i}.VoiceProfile.{i}.Line.{i}.Stats.PacketsReceived,Device.Services.VoiceService.{i}.VoiceProfile.{i}.Line.{i}.Stats.PacketsReceived,Optional,Total number of RTP packets received for this line.,Generic,
VoIP,InternetGatewayDevice.Services.VoiceService.{i}.VoiceProfile.{i}.Line.{i}.Stats.BytesReceived,Device.Services.VoiceService.{i}.VoiceProfile.{i}.Line.{i}.Stats.BytesReceived,Recommended,Total number of RTP payload bytes received for this line.,CC - SupportMultiVoipMainPanel,CC - SupportStatusMainPanel
VoIP,InternetGatewayDevice.Services.VoiceService.{i}.VoiceProfile.{i}.Line.{i}.Stats.OutgoingCallsFailed,Device.Services.VoiceService.{i}.VoiceProfile.{i}.Line.{i}.Stats.OutgoingCallsFailed,Recommended,Total outgoing calls that failed to successfully complete call setup signaling.,Monitoring - VOIP,
VoIP,InternetGatewayDevice.Services.VoiceService.{i}.VoiceProfile.{i}.Line.{i}.Stats.OutgoingCallsConnected,Device.Services.VoiceService.{i}.VoiceProfile.{i}.Line.{i}.Stats.OutgoingCallsConnected,Recommended,Total outgoing calls that successfully completed call setup signaling.,Monitoring - VOIP,
VoIP,InternetGatewayDevice.Services.VoiceService.{i}.VoiceProfile.{i}.Line.{i}.Stats.OutgoingCallsAttempted,Device.Services.VoiceService.{i}.VoiceProfile.{i}.Line.{i}.Stats.OutgoingCallsAttempted,Recommended,Total outgoing calls attempted.,Monitoring - VOIP,
VoIP,InternetGatewayDevice.Services.VoiceService.{i}.VoiceProfile.{i}.Line.{i}.Stats.OutgoingCallsAnswered,Device.Services.VoiceService.{i}.VoiceProfile.{i}.Line.{i}.Stats.OutgoingCallsAnswered,Recommended,Total outgoing calls answered by the called party.,Monitoring - VOIP,
VoIP,InternetGatewayDevice.Services.VoiceService.{i}.VoiceProfile.{i}.Line.{i}.Stats.IncomingCallsFailed,Device.Services.VoiceService.{i}.VoiceProfile.{i}.Line.{i}.Stats.IncomingCallsFailed,Recommended,Total incoming calls that failed to successfully complete call setup signaling.,Monitoring - VOIP,
VoIP,InternetGatewayDevice.Services.VoiceService.{i}.VoiceProfile.{i}.Line.{i}.Stats.IncomingCallsConnected,Device.Services.VoiceService.{i}.VoiceProfile.{i}.Line.{i}.Stats.IncomingCallsConnected,Recommended,Total incoming calls that successfully completed call setup signaling.,Monitoring - VOIP,
VoIP,InternetGatewayDevice.Services.VoiceService.{i}.VoiceProfile.{i}.Line.{i}.Stats.IncomingCallsReceived,Device.Services.VoiceService.{i}.VoiceProfile.{i}.Line.{i}.Stats.IncomingCallsReceived,Recommended,Total incoming calls received.,Monitoring - VOIP,
VoIP,InternetGatewayDevice.Services.VoiceService.{i}.VoiceProfile.{i}.Line.{i}.Stats.IncomingCallsAnswered,Device.Services.VoiceService.{i}.VoiceProfile.{i}.Line.{i}.Stats.IncomingCallsAnswered,Recommended,Total incoming calls answered by the local user.,Monitoring - VOIP,
VoIP,InternetGatewayDevice.Services.VoiceService.{i}.PhyInterface.{i}.Alias,Device.Services.VoiceService.{i}.PhyInterface.{i}.Alias,Optional,A non-volatile handle used to reference this instance,Generic,
VoIP,InternetGatewayDevice.Services.VoiceService.{i}.PhyInterface.{i}.Description,Device.Services.VoiceService.{i}.PhyInterface.{i}.Description,Optional,A description of the physical port,Generic,
VoIP,InternetGatewayDevice.Services.VoiceService.{i}.PhyInterface.{i}.InterfaceID,Device.Services.VoiceService.{i}.PhyInterface.{i}.InterfaceID,Recommended,The unique identifier of the physical port,CC - SupportMultiVoipMainPanel,CC - SupportStatusMainPanel
VoIP,InternetGatewayDevice.Services.VoiceService.{i}.PhyInterface.{i}.Port,Device.Services.VoiceService.{i}.PhyInterface.{i}.Port,Optional,The physical port number on the device,Generic,
XMPP,InternetGatewayDevice.XMPP.Connection.{i}.Status,Device.XMPP.Connection.{i}.Status,Optional,,DMC,DMC - VDM_Management
XMPP,InternetGatewayDevice.XMPP.Connection.{i}.Enable,Device.XMPP.Connection.{i}.Enable,Optional,Enables or disables this Server.,DMC,DMC - VDM_Management
XMPP,InternetGatewayDevice.XMPP.Connection.{i}.Username,Device.XMPP.Connection.{i}.Username,Optional,The proposed local-part of the Jabber ID of thi connection and the value to be used to authenticate this Connection.,DMC,DMC - VDM_Management
XMPP,InternetGatewayDevice.XMPP.Connection.{i}.Password,Device.XMPP.Connection.{i}.Password,Optional,Password used to authenticate this Connection.,DMC,DMC - VDM_Management
XMPP,InternetGatewayDevice.XMPP.Connection.{i}.JabberID,Device.XMPP.Connection.{i}.JabberID,Optional,The complete Jabber ID as determined by the first-hop XMPP server at time of connection establishment.,DMC,DMC - VDM_Management
XMPP,InternetGatewayDevice.XMPP.Connection.{i}.Domain,Device.XMPP.Connection.{i}.Domain,Optional,The proposed domain-part of the Jabber ID of this Connection.,DMC,DMC - VDM_Management
XMPP,InternetGatewayDevice.XMPP.Connection.{i}.Resource,Device.XMPP.Connection.{i}.Resource,Optional,The proposed resource-part of the Jabber ID of this Connection.,DMC,DMC - VDM_Management
XMPP,InternetGatewayDevice.XMPP.Connection.{i}.LastChangeDate,Device.XMPP.Connection.{i}.LastChangeDate,Optional,The date and time at which this Connection entered into its current operational state.,DMC,DMC - VDM_Management
XMPP,InternetGatewayDevice.XMPP.Connection.{i}.ServerConnectAlgorithm,Device.XMPP.Connection.{i}.ServerConnectAlgorithm,Optional,The algorithm the Connection uses when connecting with the associated lists of servers.,DMC,DMC - VDM_Management
XMPP,InternetGatewayDevice.XMPP.Connection.{i}.KeepAliveInterval,Device.XMPP.Connection.{i}.KeepAliveInterval,Optional,The number of seconds that keep alive events are sent by this Connection.,Generic,
XMPP,InternetGatewayDevice.XMPP.Connection.{i}.ServerConnectAttempts,Device.XMPP.Connection.{i}.ServerConnectAttempts,Optional,The number of times that this Connection attempts to connect to a given IP address before moving on to the current server's next IP address,Generic,
XMPP,InternetGatewayDevice.XMPP.Connection.{i}.UseTLS,Device.XMPP.Connection.{i}.UseTLS,Optional,"This parameter allows an ACS to configure whether or not this XMPP Connection is required to use TLS independent of whether or not the XMPP Server that is being connected to is configured for TLS ""mandatory-to-negotiate"".",Generic,
XMPP,InternetGatewayDevice.XMPP.Connection.{i}.Server.{i}.ServerAddress,Device.XMPP.Connection.{i}.Server.{i}.ServerAddress,Optional,Fully Qualified Domain Name (FQDN) or IP address of the XMPP server for this Connection.,DMC,DMC - VDM_Management
XMPP,InternetGatewayDevice.XMPP.Connection.{i}.Server.{i}.Port,Device.XMPP.Connection.{i}.Server.{i}.Port,Optional,Port number of the XMPP server for this Connection.,DMC,DMC - VDM_Management
XMPP,InternetGatewayDevice.XMPP.Connection.{i}.Server.{i}.Enable,Device.XMPP.Connection.{i}.Server.{i}.Enable,Optional,Enables or disables this Server.,DMC,DMC - VDM_Management
[Deprecated] UKE Diagnostic,InternetGatewayDevice.X_0023C7_UkeDiagnostics.DiagnosticsState,Device.X_0023C7_UkeDiagnostics.DiagnosticsState,Deprecated,[Deprecated],Generic,
[Deprecated] UKE Diagnostic,InternetGatewayDevice.X_0023C7_UkeDiagnostics.DiagnosticsState,Device.X_0023C7_UkeDiagnostics.DiagnosticsState,Deprecated,[Deprecated],Generic,
[Deprecated] UKE Diagnostic,InternetGatewayDevice.X_0023C7_UkeDiagnostics.DownloadIp,Device.X_0023C7_UkeDiagnostics.DownloadIp,Deprecated,[Deprecated],Generic,
[Deprecated] UKE Diagnostic,InternetGatewayDevice.X_0023C7_UkeDiagnostics.DownloadTcpPort,Device.X_0023C7_UkeDiagnostics.DownloadTcpPort,Deprecated,[Deprecated],Generic,
[Deprecated] UKE Diagnostic,InternetGatewayDevice.X_0023C7_UkeDiagnostics.UploadIp,Device.X_0023C7_UkeDiagnostics.UploadIp,Deprecated,[Deprecated],Generic,
[Deprecated] UKE Diagnostic,InternetGatewayDevice.X_0023C7_UkeDiagnostics.UploadTcpPort,Device.X_0023C7_UkeDiagnostics.UploadTcpPort,Deprecated,[Deprecated],Generic,
[Deprecated] UKE Diagnostic,InternetGatewayDevice.X_0023C7_UkeDiagnostics.RttIp,Device.X_0023C7_UkeDiagnostics.RttIp,Deprecated,[Deprecated],Generic,
[Deprecated] UKE Diagnostic,InternetGatewayDevice.X_0023C7_UkeDiagnostics.RttTcpPort,Device.X_0023C7_UkeDiagnostics.RttTcpPort,Deprecated,[Deprecated],Generic,
[Deprecated] UKE Diagnostic,InternetGatewayDevice.X_0023C7_UkeDiagnostics.UploadedBytes,Device.X_0023C7_UkeDiagnostics.UploadedBytes,Deprecated,[Deprecated],Generic,
[Deprecated] UKE Diagnostic,InternetGatewayDevice.X_0023C7_UkeDiagnostics.DownloadedBytes,Device.X_0023C7_UkeDiagnostics.DownloadedBytes,Deprecated,[Deprecated],Generic,
[Deprecated] UKE Diagnostic,InternetGatewayDevice.X_0023C7_UkeDiagnostics.RttTimes,Device.X_0023C7_UkeDiagnostics.RttTimes,Deprecated,[Deprecated],Generic,
Captive portal,InternetGatewayDevice.CaptivePortal.Enable,Device.CaptivePortal.Enable,Recommended,Enables or disables the captive portal.,DMC,DMC - VDM_CaptivePortal
Captive portal,InternetGatewayDevice.CaptivePortal.URL,Device.CaptivePortal.URL,Recommended,Captive portal URL to which upstream HTTP (port 80) traffic to destinations not listed in the AllowedList will be redirected.,DMC,DMC - VDM_CaptivePortal
Captive portal,InternetGatewayDevice.CaptivePortal.Status,Device.CaptivePortal.Status,Optional,Indicates the status of the captive portal.,DMC,
Captive portal,InternetGatewayDevice.CaptivePortal.AllowedList,Device.CaptivePortal.AllowedList,Recommended,Comma-separated list (up to 10000 items) (length ) of strings.,DMC,DMC - VDM_CaptivePortal
VLAN,InternetGatewayDevice.Layer2Bridging.Bridge.{i}.BridgeEnable,Device.Bridging.Bridge.{i}.VLAN.{i}.Enable,Optional,Enables or disables this VLAN table entry.,DMC,DMC - VDM_VLAN
VLAN,InternetGatewayDevice.Layer2Bridging.Bridge.{i}.BridgeName,Device.Bridging.Bridge.{i}.VLAN.{i}.Name,Optional,Human-readable name for this VLAN table entry.,DMC,DMC - VDM_VLAN
VLAN,InternetGatewayDevice.Layer2Bridging.Bridge.{i}.VLANID,Device.Bridging.Bridge.{i}.VLAN.{i}.VLANID,Optional,VLAN ID of the entry.,DMC,DMC - VDM_VLAN
DNS,InternetGatewayDevice.LANDevice.{i}.LANHostConfigManagement.{i}.X_0023C7_DNSClientEnable,Device.DNS.Client.Enable,Optional,Enables or disables the DNS client.,DMC,DMC - VDM_DNS
DNS,InternetGatewayDevice.LANDevice.{i}.LANHostConfigManagement.{i}.X_0023C7_DNSClientStatus,Device.DNS.Client.Status,Optional,The status of the DNS client.,DMC,DMC - VDM_DNS
DNS,InternetGatewayDevice.LANDevice.{i}.LANHostConfigManagement.{i}.DNSServers,Device.DNS.Client.Server.{i}.Status,Optional,The status of this entry.,DMC,DMC - VDM_DNS
DNS,InternetGatewayDevice.LANDevice.{i}.LANHostConfigManagement.{i}.DNSEnabled,Device.DNS.Client.Server.{i}.Enable,Optional,Enables or disables this entry.,DMC,DMC - VDM_DNS
DNS,InternetGatewayDevice.LANDevice.{i}.LANHostConfigManagement.{i}.DNSServers,Device.DNS.Client.Server.{i}.DNSServer,Optional,DNS server IP addresses.,DMC,DMC - VDM_DNS
DNS,InternetGatewayDevice.LANDevice.{i}.LANHostConfigManagement.{i}.X_0023C7_Interface,Device.DNS.Client.Server.{i}.Interface,Optional,The value MUST be the Path Name of a row in the IP.Interface. table.,DMC,DMC - VDM_DNS
DNS,InternetGatewayDevice.LANDevice.{i}.LANHostConfigManagement.{i}.X_0023C7_Type,Device.DNS.Client.Server.{i}.Type,Optional,Method used to assign the DNSServer address. ,DMC,DMC - VDM_DNS
LED,,Device.LEDs.LED.{i}.Alias,Optional,A non-volatile handle used to reference this instance. Alias provides a mechanism for an ACS to label this instance for future reference.,DMC,DMC - VDM_LED
LED,,Device.LEDs.LED.{i}.Name,Optional,The internal name used to identify this LED.,DMC,DMC - VDM_LED
LED,,Device.LEDs.LED.{i}.Status,Optional,The status of the LED.,DMC,DMC - VDM_LED
LED,,Device.LEDs.LED.{i}.Enable,Optional,Switches on or off the power of the LED.,DMC,DMC - VDM_LED
LED,,Device.LEDs.LED.{i}.Reason,Optional,"The textual purpose that represents the visual display of the LED (e.g., Broadband Down).",DMC,DMC - VDM_LED
LED,,Device.LEDs.LED.{i}.Location,Optional,"The location of the LED as the user looks at the front of the device in its typical orientation (e.g., on-end, flat).",DMC,DMC - VDM_LED
LED,,Device.LEDs.LED.{i}.RelativeXPosition,Optional,"The relative x position of the LED from left to right (x) and top to bottom (y) as the user looks at the device from the orientation identified in the Location parameter in its typical orientation (e.g., on-end, flat).",DMC,DMC - VDM_LED
LED,,Device.LEDs.LED.{i}.RelativeYPosition,Optional,"The relative y position of the LED from left to right (x) and top to bottom (y) as the user looks at the device from the orientation identified in the Location parameter in its typical orientation (e.g., on-end, flat).",DMC,DMC - VDM_LED
LED,,Device.LEDs.LED.{i}.MaxBrightness,Optional,The maximum allowed brightness level for the LED.,DMC,DMC - VDM_LED
LED,,Device.LEDs.X_0023C7_NightMode.Status,Optional,The status of LEDs night mode.,DMC,DMC - VDM_LED
LED,,Device.LEDs.X_0023C7_NightMode.Enable,Optional,Whether the night mode of LEDs is currently enabled.,DMC,DMC - VDM_LED
LED,,Device.LEDs.X_0023C7_NightMode.StartTime,Optional,The status of LEDs night mode.,DMC,DMC - VDM_LED
LED,,Device.LEDs.X_0023C7_NightMode.EndTime,Optional,The status of LEDs night mode.,DMC,DMC - VDM_LED
